Date,crude_open_price,crudeoil_avg_price
2019-10-14,54.8,53.8
2019-10-13,54.88,54.79
2019-10-11,53.88,54.28
2019-10-10,52.69,52.68
2019-10-09,52.57,53.03
2019-10-08,52.81,52.54
2019-10-07,52.69,53.32
2019-10-04,52.29,52.7
2019-10-03,52.47,51.95
2019-10-02,54.0,53.3
2019-10-01,54.28,53.94
2019-09-30,56.54,55.28
2019-09-27,56.51,55.76
2019-09-26,56.69,56.12
2019-09-25,56.7,56.28
2019-09-24,58.44,57.59
2019-09-23,59.25,58.38
2019-09-20,58.65,58.44
2019-09-19,58.2,58.78
2019-09-18,58.81,58.55
2019-09-17,61.96,60.53
2019-09-16,61.48,61.08
2019-09-13,55.15,55.06
2019-09-12,55.93,55.17
2019-09-11,57.89,56.96
2019-09-10,58.03,57.98
2019-09-09,56.8,57.37
2019-09-06,56.19,55.89
2019-09-05,55.95,56.76
2019-09-04,53.92,55.21
2019-09-03,55.0,54.04
2019-09-02,54.81,54.79
2019-09-01,55.0,54.78
2019-08-30,56.63,55.64
2019-08-29,55.88,56.16
2019-08-28,55.71,56.04
2019-08-27,53.76,54.7
2019-08-26,53.25,54.11
2019-08-23,55.35,54.42
2019-08-22,55.94,55.66
2019-08-21,56.05,56.34
2019-08-20,56.1,55.94
2019-08-19,54.96,55.62
2019-08-16,54.74,54.96
2019-08-15,54.9,54.55
2019-08-14,56.74,55.41
2019-08-13,54.73,55.84
2019-08-12,54.32,54.36
2019-08-09,52.88,53.64
2019-08-08,52.33,52.5
2019-08-07,53.42,52.14
2019-08-06,54.95,54.36
2019-08-05,55.38,54.92
2019-08-02,54.54,55.1
2019-08-01,57.85,55.79
2019-07-31,58.34,58.32
2019-07-30,57.07,57.72
2019-07-29,56.2,56.46
2019-07-26,55.93,56.12
2019-07-25,55.9,56.4
2019-07-24,57.23,56.48
2019-07-23,56.17,56.6
2019-07-22,56.22,56.28
2019-07-19,55.72,55.68
2019-07-18,56.6,56.02
2019-07-17,57.52,57.28
2019-07-16,59.26,58.56
2019-07-15,60.25,60.06
2019-07-12,60.46,60.34
2019-07-11,60.44,60.54
2019-07-10,58.4,59.44
2019-07-09,57.56,58.2
2019-07-08,57.77,57.88
2019-07-05,57.38,57.06
2019-07-04,57.41,57.02
2019-07-03,56.49,56.76
2019-07-02,59.14,57.76
2019-07-01,59.27,59.31
2019-06-28,59.22,58.78
2019-06-27,59.27,59.17
2019-06-26,58.84,59.29
2019-06-25,57.74,58.02
2019-06-24,57.72,57.48
2019-06-21,57.26,57.32
2019-06-20,54.12,55.56
2019-06-19,54.09,53.85
2019-06-18,51.95,52.9
2019-06-17,52.5,52.16
2019-06-14,52.18,52.34
2019-06-13,51.07,52.18
2019-06-12,53.04,51.88
2019-06-11,53.43,53.47
2019-06-10,54.24,53.94
2019-06-07,53.1,53.47
2019-06-06,51.66,52.24
2019-06-05,52.86,52.0
2019-06-04,52.89,53.1
2019-06-03,53.42,53.37
2019-05-31,56.46,54.83
2019-05-30,59.12,58.02
2019-05-29,59.07,58.01
2019-05-28,58.94,58.85
2019-05-27,58.77,58.7
2019-05-26,58.94,58.84
2019-05-24,58.21,58.3
2019-05-23,61.31,59.37
2019-05-22,62.95,62.02
2019-05-21,63.22,63.18
2019-05-20,62.93,63.13
2019-05-17,63.12,63.08
2019-05-16,62.12,62.78
2019-05-15,61.37,61.6
2019-05-14,60.86,61.4
2019-05-13,61.65,61.98
2019-05-10,61.64,61.96
2019-05-09,62.02,61.56
2019-05-08,61.44,61.72
2019-05-07,62.17,61.58
2019-05-06,61.43,61.5
2019-05-03,61.55,61.91
2019-05-02,63.61,62.32
2019-05-01,63.4,63.35
2019-04-30,63.58,64.03
2019-04-29,62.95,63.08
2019-04-26,65.13,63.73
2019-04-25,65.81,65.59
2019-04-24,66.17,66.04
2019-04-23,65.75,66.09
2019-04-22,64.0,64.96
2019-04-18,63.75,63.81
2019-04-17,64.32,64.13
2019-04-16,63.57,63.68
2019-04-15,63.76,63.44
2019-04-12,63.71,64.16
2019-04-11,64.48,63.9
2019-04-10,64.22,64.38
2019-04-09,64.4,64.24
2019-04-08,63.33,63.81
2019-04-05,62.18,62.58
2019-04-04,62.5,62.33
2019-04-03,62.64,62.52
2019-04-02,61.81,62.18
2019-04-01,60.24,60.96
2019-03-29,59.53,60.07
2019-03-28,59.4,58.88
2019-03-27,60.03,59.52
2019-03-26,59.12,59.71
2019-03-25,58.98,58.76
2019-03-22,59.87,59.18
2019-03-21,59.99,60.02
2019-03-20,59.02,59.26
2019-03-19,59.01,59.1
2019-03-18,58.45,58.64
2019-03-15,58.51,58.34
2019-03-14,58.35,58.37
2019-03-13,57.09,57.74
2019-03-12,56.76,57.14
2019-03-11,56.07,56.48
2019-03-08,56.43,55.52
2019-03-07,56.2,56.54
2019-03-06,56.28,55.91
2019-03-05,56.45,56.64
2019-03-04,55.83,56.4
2019-03-01,57.22,56.72
2019-02-28,57.0,56.93
2019-02-27,55.95,56.56
2019-02-26,55.46,55.55
2019-02-25,57.17,56.3
2019-02-22,56.84,57.26
2019-02-21,57.24,57.12
2019-02-20,55.94,56.52
2019-02-19,55.78,55.81
2019-02-18,56.33,56.42
2019-02-17,56.17,56.25
2019-02-15,54.48,55.06
2019-02-14,53.96,53.88
2019-02-13,53.35,53.94
2019-02-12,52.47,53.17
2019-02-11,52.66,52.0
2019-02-08,52.59,52.54
2019-02-07,53.94,53.0
2019-02-06,53.73,53.58
2019-02-05,54.86,54.34
2019-02-04,55.32,54.52
2019-02-01,54.01,54.52
2019-01-31,54.28,54.5
2019-01-30,53.24,54.01
2019-01-29,52.12,52.89
2019-01-28,53.56,52.48
2019-01-25,53.17,53.42
2019-01-24,52.45,52.77
2019-01-23,52.95,52.75
2019-01-22,53.73,53.02
2019-01-21,53.66,54.03
2019-01-20,53.97,53.82
2019-01-18,52.23,53.0
2019-01-17,52.3,51.78
2019-01-16,52.0,51.89
2019-01-15,50.78,51.47
2019-01-14,51.73,51.24
2019-01-11,52.28,52.24
2019-01-10,52.18,52.08
2019-01-09,49.8,51.14
2019-01-08,48.73,49.13
2019-01-07,48.3,48.95
2019-01-04,46.9,47.94
2019-01-03,46.26,46.42
2019-01-02,45.8,46.06
2019-01-01,45.77,45.84
2018-12-31,45.22,45.63
2018-12-28,45.44,45.32
2018-12-27,46.58,45.54
2018-12-26,42.85,44.76
2018-12-25,43.0,43.06
2018-12-24,45.45,44.3
2018-12-21,46.25,45.95
2018-12-20,47.39,46.59
2018-12-19,45.93,46.96
2018-12-18,49.16,47.69
2018-12-17,51.25,50.44
2018-12-14,52.83,51.9
2018-12-13,51.2,51.81
2018-12-12,51.95,51.91
2018-12-11,50.89,51.56
2018-12-10,52.03,51.67
2018-12-07,51.76,52.41
2018-12-06,52.93,51.69
2018-12-05,52.59,53.3
2018-12-04,53.13,53.49
2018-12-03,52.45,52.94
2018-11-30,51.27,50.72
2018-11-29,50.31,50.8
2018-11-28,52.09,51.31
2018-11-27,51.54,51.34
2018-11-26,50.62,51.18
2018-11-23,54.66,52.48
2018-11-22,54.64,54.18
2018-11-21,53.39,54.62
2018-11-20,57.39,55.1
2018-11-19,56.72,56.2
2018-11-16,56.58,56.92
2018-11-15,56.02,56.42
2018-11-14,55.27,56.25
2018-11-13,58.88,57.05
2018-11-12,60.7,59.98
2018-11-09,60.75,60.02
2018-11-08,61.64,61.41
2018-11-07,61.74,62.19
2018-11-06,62.7,62.32
2018-11-05,62.99,63.33
2018-11-02,63.5,63.29
2018-11-01,64.88,64.25
2018-10-31,66.32,65.9
2018-10-30,66.68,66.3
2018-10-29,67.55,67.12
2018-10-26,66.95,67.04
2018-10-25,66.36,66.82
2018-10-24,66.17,66.88
2018-10-23,69.55,67.7
2018-10-22,69.41,68.96
2018-10-19,68.68,69.16
2018-10-18,70.03,69.25
2018-10-17,72.17,70.93
2018-10-16,71.72,71.66
2018-10-15,71.85,71.78
2018-10-12,70.99,71.32
2018-10-11,72.68,71.64
2018-10-10,74.66,73.73
2018-10-09,74.21,74.64
2018-10-08,74.4,73.82
2018-10-05,74.67,74.53
2018-10-04,76.18,75.18
2018-10-03,75.12,75.6
2018-10-02,75.42,75.42
2018-10-01,73.29,74.36
2018-09-28,72.18,72.81
2018-09-27,72.01,72.16
2018-09-26,72.09,71.92
2018-09-25,72.25,72.34
2018-09-24,71.14,71.94
2018-09-21,70.2,70.89
2018-09-20,71.39,71.27
2018-09-19,69.71,70.58
2018-09-18,68.8,69.47
2018-09-17,68.93,69.12
2018-09-14,68.79,68.92
2018-09-13,70.24,69.32
2018-09-12,69.89,70.38
2018-09-11,67.53,68.74
2018-09-10,67.82,67.92
2018-09-07,67.88,67.47
2018-09-06,68.64,68.01
2018-09-05,69.43,69.08
2018-09-04,69.89,70.24
2018-09-03,69.91,69.87
2018-09-02,69.91,69.94
2018-08-31,70.06,70.0
2018-08-30,69.71,70.03
2018-08-29,68.54,69.06
2018-08-28,68.93,68.7
2018-08-27,68.57,68.66
2018-08-24,67.9,68.54
2018-08-23,68.07,67.72
2018-08-22,66.08,67.06
2018-08-21,66.62,67.31
2018-08-20,65.91,66.14
2018-08-17,65.47,65.84
2018-08-16,64.95,64.97
2018-08-15,66.62,65.71
2018-08-14,67.42,67.47
2018-08-13,67.78,66.83
2018-08-10,66.74,67.0
2018-08-09,66.79,66.95
2018-08-08,69.09,67.84
2018-08-07,68.9,69.32
2018-08-06,68.65,69.21
2018-08-03,68.99,68.56
2018-08-02,67.86,68.14
2018-08-01,68.43,67.91
2018-07-31,70.05,69.1
2018-07-30,69.01,69.62
2018-07-27,69.58,69.02
2018-07-26,69.38,69.42
2018-07-25,68.77,68.95
2018-07-24,67.8,68.31
2018-07-23,68.17,68.46
2018-07-20,69.39,70.24
2018-07-19,69.0,68.98
2018-07-18,67.61,68.05
2018-07-17,68.03,67.74
2018-07-16,70.52,69.22
2018-07-13,70.38,70.75
2018-07-12,70.6,70.24
2018-07-11,74.2,72.14
2018-07-10,74.04,74.18
2018-07-09,73.87,73.63
2018-07-06,73.16,73.08
2018-07-05,74.23,73.72
2018-07-04,74.62,74.14
2018-07-03,74.08,74.0
2018-07-02,73.62,73.43
2018-06-29,73.33,73.69
2018-06-28,72.27,73.12
2018-06-27,70.68,71.81
2018-06-26,68.21,69.32
2018-06-25,68.75,68.61
2018-06-22,65.93,67.54
2018-06-21,65.34,65.28
2018-06-20,65.11,65.77
2018-06-19,65.82,65.15
2018-06-18,64.4,64.78
2018-06-15,67.0,65.69
2018-06-14,66.62,66.76
2018-06-13,66.01,66.2
2018-06-12,66.05,66.28
2018-06-11,65.56,65.6
2018-06-08,65.98,65.69
2018-06-07,65.07,65.44
2018-06-06,65.51,65.11
2018-06-05,64.94,64.9
2018-06-04,65.71,65.31
2018-06-01,67.07,66.43
2018-05-31,68.24,67.43
2018-05-30,66.85,67.51
2018-05-29,67.55,66.68
2018-05-28,67.39,66.61
2018-05-27,67.44,67.25
2018-05-25,70.65,69.11
2018-05-24,71.83,71.26
2018-05-23,72.11,71.72
2018-05-22,72.53,72.37
2018-05-21,71.47,71.92
2018-05-18,71.6,71.37
2018-05-17,71.56,71.69
2018-05-16,71.02,71.12
2018-05-15,71.15,71.17
2018-05-14,70.54,70.76
2018-05-11,71.45,71.04
2018-05-10,71.23,71.22
2018-05-09,70.05,70.6
2018-05-08,70.03,69.02
2018-05-07,69.85,70.18
2018-05-04,68.5,69.04
2018-05-03,67.68,67.9
2018-05-02,67.49,67.53
2018-05-01,68.56,67.88
2018-04-30,68.15,68.26
2018-04-27,68.21,68.0
2018-04-26,68.03,68.24
2018-04-25,67.75,67.65
2018-04-24,68.95,68.46
2018-04-23,68.22,68.09
2018-04-20,68.26,68.06
2018-04-19,68.75,68.77
2018-04-18,66.68,67.74
2018-04-17,66.42,66.16
2018-04-16,67.24,66.94
2018-04-13,67.18,67.23
2018-04-12,66.75,66.66
2018-04-11,65.59,66.3
2018-04-10,63.3,64.53
2018-04-09,62.0,62.77
2018-04-06,63.7,62.8
2018-04-05,63.6,63.6
2018-04-04,63.59,62.85
2018-04-03,62.89,63.36
2018-04-02,64.91,64.11
2018-03-29,64.69,64.71
2018-03-28,64.7,64.42
2018-03-27,65.53,65.47
2018-03-26,65.9,65.82
2018-03-23,64.28,65.06
2018-03-22,65.5,64.94
2018-03-21,63.72,64.56
2018-03-20,62.1,62.94
2018-03-19,62.23,61.86
2018-03-16,61.19,61.81
2018-03-15,60.95,61.18
2018-03-14,60.87,60.72
2018-03-13,61.37,61.12
2018-03-12,62.1,61.5
2018-03-09,60.27,61.16
2018-03-08,61.33,60.68
2018-03-07,62.3,61.58
2018-03-06,62.58,62.72
2018-03-05,61.55,61.94
2018-03-02,61.34,60.86
2018-03-01,61.55,61.0
2018-02-28,62.79,62.4
2018-02-27,64.06,63.36
2018-02-26,63.6,63.65
2018-02-23,62.6,63.03
2018-02-22,61.34,61.92
2018-02-21,61.63,61.39
2018-02-20,61.63,62.16
2018-02-19,61.71,62.08
2018-02-18,61.51,61.62
2018-02-16,61.45,61.44
2018-02-15,60.71,60.68
2018-02-14,58.98,59.55
2018-02-13,59.35,59.06
2018-02-12,59.12,59.96
2018-02-09,60.43,59.42
2018-02-08,61.7,61.18
2018-02-07,63.92,62.72
2018-02-06,63.43,63.7
2018-02-05,65.1,64.41
2018-02-02,65.99,65.38
2018-02-01,64.76,65.44
2018-01-31,64.03,64.31
2018-01-30,65.53,64.72
2018-01-29,66.18,65.72
2018-01-26,65.25,65.63
2018-01-25,65.88,65.87
2018-01-24,64.42,65.19
2018-01-23,63.88,64.29
2018-01-22,63.61,63.66
2018-01-19,63.74,63.31
2018-01-18,64.07,63.91
2018-01-17,63.89,63.74
2018-01-16,64.43,64.14
2018-01-15,64.28,64.5
2018-01-14,64.42,64.32
2018-01-12,63.57,63.78
2018-01-11,63.5,64.1
2018-01-10,63.41,63.38
2018-01-09,61.92,62.64
2018-01-08,61.61,61.66
2018-01-05,61.9,61.56
2018-01-04,61.96,61.9
2018-01-03,60.39,61.12
2018-01-02,60.2,60.42
2018-01-01,60.26,60.22
2017-12-29,59.91,60.16
2017-12-28,59.53,59.69
2017-12-27,59.79,59.63
2017-12-26,58.4,59.16
2017-12-25,58.41,58.5
2017-12-22,58.21,58.18
2017-12-21,58.02,58.0
2017-12-20,57.66,57.78
2017-12-19,57.3,57.4
2017-12-18,57.37,57.3
2017-12-15,57.15,57.22
2017-12-14,56.7,56.66
2017-12-13,57.45,57.19
2017-12-12,58.02,57.7
2017-12-11,57.25,57.5
2017-12-08,56.65,57.16
2017-12-07,56.0,56.3
2017-12-06,57.45,56.72
2017-12-05,57.48,57.5
2017-12-04,58.32,57.84
2017-12-01,57.42,58.08
2017-11-30,57.41,57.4
2017-11-29,57.73,57.52
2017-11-28,57.86,57.76
2017-11-27,58.95,58.27
2017-11-24,58.05,58.4
2017-11-23,57.97,58.17
2017-11-22,57.12,57.59
2017-11-21,56.38,56.77
2017-11-20,56.69,56.16
2017-11-17,55.25,55.93
2017-11-16,55.3,55.28
2017-11-15,55.06,55.22
2017-11-14,56.72,55.79
2017-11-13,56.9,56.72
2017-11-10,57.02,56.95
2017-11-09,56.85,57.11
2017-11-08,56.96,57.16
2017-11-07,57.27,57.26
2017-11-06,55.97,56.64
2017-11-03,54.73,55.08
2017-11-02,54.28,54.42
2017-11-01,54.65,54.56
2017-10-31,54.08,54.39
2017-10-30,54.16,54.1
2017-10-27,52.8,53.22
2017-10-26,52.19,52.38
2017-10-25,52.56,52.23
2017-10-24,51.89,52.08
2017-10-23,52.07,51.99
2017-10-20,51.42,51.22
2017-10-19,52.05,51.62
2017-10-18,51.94,52.01
2017-10-17,51.93,51.73
2017-10-16,51.43,51.86
2017-10-13,50.73,51.21
2017-10-12,51.0,50.64
2017-10-11,50.94,51.02
2017-10-10,49.55,50.3
2017-10-09,49.25,49.46
2017-10-06,50.75,49.96
2017-10-05,49.88,50.54
2017-10-04,50.16,50.22
2017-10-03,50.59,50.44
2017-10-02,51.64,50.89
2017-09-29,51.58,51.51
2017-09-28,52.05,52.04
2017-09-27,52.09,51.98
2017-09-26,52.12,51.93
2017-09-25,50.68,51.34
2017-09-22,50.73,50.54
2017-09-21,50.72,50.44
2017-09-20,49.84,50.2
2017-09-19,49.91,49.88
2017-09-18,49.85,49.76
2017-09-15,49.72,49.77
2017-09-14,49.31,49.82
2017-09-13,48.34,48.76
2017-09-12,48.12,48.08
2017-09-11,47.58,47.64
2017-09-08,49.09,48.26
2017-09-07,49.14,48.98
2017-09-06,48.59,48.97
2017-09-05,47.28,48.06
2017-09-04,47.31,47.41
2017-09-03,47.31,47.36
2017-09-01,47.08,46.96
2017-08-31,45.95,46.52
2017-08-30,46.31,46.28
2017-08-29,46.86,46.36
2017-08-28,47.89,47.18
2017-08-25,47.62,47.65
2017-08-24,48.36,47.74
2017-08-23,47.64,48.02
2017-08-22,47.45,47.62
2017-08-21,48.72,47.89
2017-08-18,46.93,47.76
2017-08-17,46.8,46.82
2017-08-16,47.72,47.33
2017-08-15,47.49,47.46
2017-08-14,48.79,48.3
2017-08-11,48.52,48.48
2017-08-10,49.68,49.28
2017-08-09,49.0,49.31
2017-08-08,49.31,49.32
2017-08-07,49.59,49.14
2017-08-04,48.95,49.07
2017-08-03,49.59,49.37
2017-08-02,48.8,49.1
2017-08-01,50.21,49.4
2017-07-31,49.85,49.8
2017-07-28,49.17,49.34
2017-07-27,48.7,48.74
2017-07-26,48.51,48.36
2017-07-25,46.46,47.52
2017-07-24,45.62,45.96
2017-07-21,46.91,46.38
2017-07-20,47.09,47.1
2017-07-19,46.25,46.7
2017-07-18,45.99,46.36
2017-07-17,46.68,46.39
2017-07-14,46.08,46.27
2017-07-13,45.44,45.64
2017-07-12,45.74,45.8
2017-07-11,44.58,44.82
2017-07-10,44.35,44.24
2017-07-07,45.35,44.6
2017-07-06,45.65,45.86
2017-07-05,47.04,45.92
2017-07-04,47.06,47.03
2017-07-03,46.28,46.51
2017-06-30,44.89,45.62
2017-06-29,44.89,45.05
2017-06-28,43.7,44.28
2017-06-27,43.49,43.88
2017-06-26,43.16,43.14
2017-06-23,42.8,42.86
2017-06-22,42.55,42.79
2017-06-21,43.38,43.12
2017-06-20,44.11,43.58
2017-06-19,44.68,44.56
2017-06-16,44.25,44.59
2017-06-15,44.69,44.52
2017-06-14,45.94,45.52
2017-06-13,46.01,46.06
2017-06-12,45.8,46.18
2017-06-09,45.71,45.72
2017-06-08,45.85,45.69
2017-06-07,47.98,46.94
2017-06-06,47.4,47.67
2017-06-05,47.71,47.64
2017-06-02,48.04,47.46
2017-06-01,48.63,48.54
2017-05-31,49.65,48.72
2017-05-30,49.93,49.66
2017-05-29,49.95,49.9
2017-05-28,49.93,49.94
2017-05-26,48.75,49.06
2017-05-25,51.25,50.22
2017-05-24,51.44,51.46
2017-05-23,51.04,51.18
2017-05-22,50.6,50.75
2017-05-19,49.28,49.9
2017-05-18,48.93,48.82
2017-05-17,48.23,48.76
2017-05-16,48.82,48.78
2017-05-15,47.85,48.7
2017-05-12,47.81,47.71
2017-05-11,47.39,47.78
2017-05-10,46.18,46.9
2017-05-09,46.49,46.16
2017-05-08,46.35,46.36
2017-05-05,45.51,45.22
2017-05-04,47.6,46.52
2017-05-03,48.12,47.76
2017-05-02,48.78,48.32
2017-05-01,49.17,48.96
2017-04-28,49.27,49.28
2017-04-27,49.22,48.82
2017-04-26,49.36,49.57
2017-04-25,49.22,49.35
2017-04-24,49.68,49.62
2017-04-21,50.71,50.06
2017-04-20,50.63,50.58
2017-04-19,52.36,51.37
2017-04-18,52.75,52.48
2017-04-17,52.97,52.88
2017-04-13,52.85,53.1
2017-04-12,53.4,53.24
2017-04-11,53.13,53.08
2017-04-10,52.31,52.74
2017-04-07,51.7,52.22
2017-04-06,50.8,51.3
2017-04-05,51.18,51.31
2017-04-04,50.24,50.59
2017-04-03,50.69,50.47
2017-03-31,50.32,50.38
2017-03-30,49.6,49.87
2017-03-29,48.47,49.0
2017-03-28,47.89,48.27
2017-03-27,48.12,47.68
2017-03-24,47.67,47.87
2017-03-23,48.15,48.03
2017-03-22,48.16,47.66
2017-03-21,47.93,47.98
2017-03-20,48.7,48.29
2017-03-17,48.79,48.9
2017-03-16,49.01,49.04
2017-03-15,48.76,48.6
2017-03-14,48.45,47.94
2017-03-13,48.45,48.29
2017-03-10,49.61,49.21
2017-03-09,50.22,49.72
2017-03-08,52.79,51.48
2017-03-07,53.17,53.26
2017-03-06,53.19,53.16
2017-03-03,52.58,52.97
2017-03-02,53.69,53.17
2017-03-01,53.95,54.04
2017-02-28,54.04,53.7
2017-02-27,54.02,54.28
2017-02-24,54.33,54.14
2017-02-23,53.91,54.4
2017-02-22,54.26,53.98
2017-02-21,53.48,54.02
2017-02-20,53.78,53.98
2017-02-19,53.86,53.87
2017-02-17,53.47,53.2
2017-02-16,53.01,53.14
2017-02-15,53.0,53.12
2017-02-14,52.91,53.29
2017-02-13,53.8,53.36
2017-02-10,53.15,53.52
2017-02-09,52.37,52.79
2017-02-08,51.64,51.94
2017-02-07,53.14,52.44
2017-02-06,53.81,53.52
2017-02-03,53.68,53.81
2017-02-02,53.57,53.84
2017-02-01,52.76,53.28
2017-01-31,52.6,52.9
2017-01-30,53.15,52.94
2017-01-27,53.74,53.33
2017-01-26,52.96,53.42
2017-01-25,52.95,53.02
2017-01-24,52.86,53.12
2017-01-23,53.33,52.84
2017-01-20,51.45,52.14
2017-01-19,51.39,51.44
2017-01-18,52.52,51.85
2017-01-17,52.55,52.82
2017-01-16,52.46,52.42
2017-01-15,52.53,52.48
2017-01-13,53.05,52.72
2017-01-12,52.37,52.81
2017-01-11,50.81,51.76
2017-01-10,51.83,51.54
2017-01-09,53.75,52.8
2017-01-06,53.73,53.82
2017-01-05,53.39,53.46
2017-01-04,52.49,52.79
2017-01-03,54.2,53.68
2017-01-02,54.09,54.1
2016-12-30,53.87,53.75
2016-12-29,53.66,53.84
2016-12-28,53.93,53.96
2016-12-27,53.29,53.56
2016-12-26,53.33,53.24
2016-12-23,52.68,52.77
2016-12-22,52.52,52.64
2016-12-21,53.56,53.06
2016-12-20,52.11,52.28
2016-12-19,52.15,52.02
2016-12-16,51.1,51.29
2016-12-15,50.79,50.72
2016-12-14,52.45,51.72
2016-12-13,52.51,52.88
2016-12-12,52.58,53.34
2016-12-09,50.92,51.26
2016-12-08,49.88,50.3
2016-12-07,50.93,50.46
2016-12-06,50.97,50.94
2016-12-05,51.46,51.68
2016-12-02,51.01,50.96
2016-12-01,49.07,50.39
2016-11-30,45.24,47.56
2016-11-29,46.88,45.9
2016-11-28,45.43,46.4
2016-11-25,47.97,47.07
2016-11-24,48.03,48.03
2016-11-23,47.94,47.92
2016-11-22,48.37,48.18
2016-11-21,45.83,46.78
2016-11-18,44.93,45.16
2016-11-17,45.37,45.73
2016-11-16,45.77,45.72
2016-11-15,43.76,44.82
2016-11-14,43.2,43.0
2016-11-11,44.35,43.83
2016-11-10,45.31,44.94
2016-11-09,44.82,44.51
2016-11-08,44.97,44.9
2016-11-07,44.45,44.56
2016-11-04,44.63,44.22
2016-11-03,45.48,45.14
2016-11-02,46.32,45.72
2016-11-01,46.77,46.78
2016-10-31,48.25,47.68
2016-10-28,49.61,49.12
2016-10-27,49.22,49.53
2016-10-26,49.31,49.48
2016-10-25,50.49,50.1
2016-10-24,50.85,50.3
2016-10-21,50.66,50.62
2016-10-20,51.4,50.92
2016-10-19,50.77,51.31
2016-10-18,50.04,50.27
2016-10-17,50.23,50.02
2016-10-14,50.58,50.52
2016-10-13,50.0,49.98
2016-10-12,50.84,50.53
2016-10-11,51.1,50.96
2016-10-10,49.57,50.38
2016-10-07,50.59,50.07
2016-10-06,49.65,49.98
2016-10-05,49.26,49.54
2016-10-04,48.65,48.76
2016-10-03,48.04,48.4
2016-09-30,47.76,47.67
2016-09-29,47.2,47.46
2016-09-28,44.96,45.9
2016-09-27,45.62,45.08
2016-09-26,44.62,45.32
2016-09-23,46.07,45.38
2016-09-22,45.62,46.02
2016-09-21,44.5,45.08
2016-09-20,43.13,43.3
2016-09-19,43.18,43.64
2016-09-16,43.71,43.24
2016-09-15,43.7,43.8
2016-09-14,45.0,44.38
2016-09-13,46.06,45.45
2016-09-12,45.57,45.61
2016-09-09,47.36,46.46
2016-09-08,46.12,46.76
2016-09-07,44.85,45.36
2016-09-06,44.15,45.18
2016-09-05,44.12,45.3
2016-09-04,44.15,44.24
2016-09-02,43.55,43.92
2016-09-01,44.85,44.04
2016-08-31,46.24,45.46
2016-08-30,46.98,46.85
2016-08-29,47.22,46.95
2016-08-26,47.37,47.7
2016-08-25,46.8,46.94
2016-08-24,47.59,47.1
2016-08-23,47.39,47.46
2016-08-22,48.4,47.58
2016-08-19,48.33,48.34
2016-08-18,46.9,47.5
2016-08-17,46.37,46.4
2016-08-16,45.59,46.04
2016-08-15,44.74,45.16
2016-08-12,43.46,44.04
2016-08-11,41.48,42.48
2016-08-10,42.74,42.4
2016-08-09,42.83,43.0
2016-08-08,41.99,42.6
2016-08-05,41.84,41.58
2016-08-04,41.16,41.26
2016-08-03,39.7,40.2
2016-08-02,40.08,40.08
2016-08-01,41.35,40.85
2016-07-29,41.12,41.12
2016-07-28,41.93,41.63
2016-07-27,42.66,42.44
2016-07-26,43.07,42.88
2016-07-25,44.2,43.67
2016-07-22,44.6,44.36
2016-07-21,45.65,45.31
2016-07-20,44.59,44.47
2016-07-19,45.23,45.1
2016-07-18,46.12,45.5
2016-07-15,45.52,45.69
2016-07-14,45.14,45.38
2016-07-13,46.58,45.64
2016-07-12,44.58,45.72
2016-07-11,45.07,45.1
2016-07-08,45.19,45.37
2016-07-07,47.88,46.56
2016-07-06,46.83,46.94
2016-07-05,49.11,47.84
2016-07-04,49.01,48.94
2016-07-03,49.14,49.08
2016-07-01,48.38,48.6
2016-06-30,49.55,48.9
2016-06-29,48.06,48.99
2016-06-28,46.59,47.36
2016-06-27,47.81,46.9
2016-06-24,50.3,48.58
2016-06-23,49.08,49.66
2016-06-22,50.22,49.47
2016-06-21,49.14,48.74
2016-06-20,48.29,48.78
2016-06-17,45.99,47.06
2016-06-16,47.45,46.83
2016-06-15,47.9,48.0
2016-06-14,48.52,48.26
2016-06-13,48.85,48.72
2016-06-10,50.47,49.76
2016-06-09,51.45,50.95
2016-06-08,50.41,50.97
2016-06-07,49.71,49.98
2016-06-06,48.88,49.3
2016-06-03,49.04,48.87
2016-06-02,48.9,48.72
2016-06-01,48.82,48.5
2016-05-31,49.54,49.46
2016-05-30,49.56,49.42
2016-05-29,49.54,49.62
2016-05-27,49.31,49.14
2016-05-26,49.7,49.72
2016-05-25,49.09,49.2
2016-05-24,48.08,48.46
2016-05-23,48.46,47.95
2016-05-20,48.2,48.11
2016-05-19,47.87,47.5
2016-05-18,48.53,48.35
2016-05-17,47.9,48.14
2016-05-16,46.28,47.06
2016-05-13,46.41,46.12
2016-05-12,46.0,46.32
2016-05-11,44.6,45.16
2016-05-10,43.25,43.91
2016-05-09,45.0,44.59
2016-05-06,44.52,44.44
2016-05-05,44.04,45.02
2016-05-04,43.85,44.05
2016-05-03,44.92,44.34
2016-05-02,45.9,45.34
2016-04-29,45.9,46.01
2016-04-28,45.3,45.54
2016-04-27,44.64,44.7
2016-04-26,42.96,43.66
2016-04-25,43.75,43.31
2016-04-22,43.42,43.78
2016-04-21,43.97,43.77
2016-04-20,40.8,41.38
2016-04-19,40.04,40.56
2016-04-18,38.75,38.92
2016-04-15,41.43,40.85
2016-04-14,41.54,41.5
2016-04-13,41.63,41.83
2016-04-12,40.35,41.17
2016-04-11,39.72,40.0
2016-04-08,37.52,38.65
2016-04-07,37.76,37.49
2016-04-06,36.52,37.16
2016-04-05,35.5,35.91
2016-04-04,36.61,36.34
2016-04-01,38.14,37.6
2016-03-31,38.3,38.3
2016-03-30,38.52,39.0
2016-03-29,39.32,38.69
2016-03-28,39.55,39.5
2016-03-24,39.73,39.05
2016-03-23,41.19,40.51
2016-03-22,41.59,41.34
2016-03-21,39.06,39.46
2016-03-18,40.25,40.17
2016-03-17,38.59,39.42
2016-03-16,36.74,37.62
2016-03-15,37.37,36.68
2016-03-14,38.17,37.72
2016-03-11,37.99,38.47
2016-03-10,38.17,37.84
2016-03-09,36.36,37.38
2016-03-08,37.94,37.25
2016-03-07,36.2,37.1
2016-03-04,34.66,35.37
2016-03-03,34.73,34.75
2016-03-02,33.89,34.36
2016-03-01,33.9,34.06
2016-02-29,32.72,33.15
2016-02-26,33.04,33.66
2016-02-25,32.19,32.28
2016-02-24,31.28,31.48
2016-02-23,33.34,32.38
2016-02-22,29.72,30.76
2016-02-19,30.6,29.89
2016-02-18,31.35,31.12
2016-02-17,29.14,30.11
2016-02-16,29.08,30.12
2016-02-15,29.08,29.83
2016-02-14,29.06,29.08
2016-02-12,27.3,28.3
2016-02-11,27.34,26.76
2016-02-10,28.36,28.23
2016-02-09,30.17,29.17
2016-02-08,30.97,30.48
2016-02-05,31.64,31.54
2016-02-04,32.71,32.56
2016-02-03,29.75,31.08
2016-02-02,31.37,30.55
2016-02-01,33.83,32.74
2016-01-29,33.7,33.52
2016-01-28,32.19,33.28
2016-01-27,30.55,31.49
2016-01-26,29.81,30.83
2016-01-25,32.05,31.21
2016-01-22,29.84,30.94
2016-01-21,28.35,29.06
2016-01-20,28.33,27.38
2016-01-19,29.2,29.21
2016-01-18,29.76,30.28
2016-01-17,30.68,30.02
2016-01-15,31.18,30.16
2016-01-14,30.6,31.02
2016-01-13,30.54,30.9
2016-01-12,31.11,31.07
2016-01-11,32.94,32.04
2016-01-08,33.3,33.49
2016-01-07,34.09,33.18
2016-01-06,36.18,35.08
2016-01-05,36.9,36.42
2016-01-04,37.6,37.36
2015-12-31,36.81,37.0
2015-12-30,37.36,36.9
2015-12-29,36.7,37.3
2015-12-28,38.0,37.34
2015-12-24,37.86,37.83
2015-12-23,36.47,37.12
2015-12-22,35.8,36.1
2015-12-21,34.58,34.42
2015-12-18,34.87,34.93
2015-12-17,35.8,35.24
2015-12-16,36.79,36.32
2015-12-15,36.32,36.96
2015-12-14,35.4,35.62
2015-12-11,36.63,36.0
2015-12-10,37.27,36.96
2015-12-09,37.86,37.93
2015-12-08,37.68,37.61
2015-12-07,40.1,38.83
2015-12-04,41.31,40.8
2015-12-03,40.15,40.92
2015-12-02,41.69,40.9
2015-12-01,41.73,41.7
2015-11-30,41.77,42.06
2015-11-27,43.25,42.48
2015-11-26,43.08,42.8
2015-11-25,42.69,42.48
2015-11-24,42.04,42.66
2015-11-23,41.49,41.58
2015-11-20,40.54,39.99
2015-11-19,40.72,40.47
2015-11-18,41.11,40.73
2015-11-17,41.96,41.3
2015-11-16,40.92,41.16
2015-11-13,41.61,41.22
2015-11-12,43.05,42.44
2015-11-11,43.63,43.36
2015-11-10,44.1,44.16
2015-11-09,44.52,44.38
2015-11-06,45.41,44.88
2015-11-05,46.57,45.88
2015-11-04,47.74,47.22
2015-11-03,46.11,47.16
2015-11-02,46.43,46.14
2015-10-30,45.74,46.26
2015-10-29,46.06,45.97
2015-10-28,43.44,44.64
2015-10-27,43.78,43.24
2015-10-26,44.74,44.29
2015-10-23,45.44,44.98
2015-10-22,45.27,45.5
2015-10-21,45.88,45.47
2015-10-20,46.25,45.88
2015-10-19,47.27,46.67
2015-10-16,46.87,46.83
2015-10-15,46.28,46.12
2015-10-14,46.69,46.45
2015-10-13,47.46,47.44
2015-10-12,49.51,48.58
2015-10-09,49.69,50.04
2015-10-08,48.11,48.92
2015-10-07,49.0,48.7
2015-10-06,46.2,47.4
2015-10-05,45.65,46.08
2015-10-02,45.07,44.89
2015-10-01,45.38,45.86
2015-09-30,44.92,45.26
2015-09-29,44.5,45.0
2015-09-28,45.38,44.9
2015-09-25,45.05,45.62
2015-09-24,44.62,44.44
2015-09-23,46.54,45.78
2015-09-22,46.45,45.81
2015-09-21,44.97,45.72
2015-09-18,46.89,45.64
2015-09-17,47.13,47.02
2015-09-16,45.16,46.08
2015-09-15,44.11,44.58
2015-09-14,44.78,44.28
2015-09-11,45.71,45.02
2015-09-10,44.16,44.7
2015-09-09,45.79,45.16
2015-09-08,45.82,45.28
2015-09-07,45.72,45.04
2015-09-06,45.72,45.74
2015-09-04,46.68,46.42
2015-09-03,46.11,47.04
2015-09-02,44.26,44.99
2015-09-01,48.1,46.51
2015-08-31,45.0,46.46
2015-08-28,42.68,43.84
2015-08-27,38.96,40.9
2015-08-26,39.69,39.19
2015-08-25,38.18,39.02
2015-08-24,40.3,39.11
2015-08-21,41.03,40.63
2015-08-20,40.58,40.84
2015-08-19,42.41,41.54
2015-08-18,41.88,42.16
2015-08-17,42.18,42.16
2015-08-14,42.23,42.16
2015-08-13,43.34,42.82
2015-08-12,43.27,43.33
2015-08-11,44.81,44.02
2015-08-10,43.58,44.18
2015-08-07,44.82,44.43
2015-08-06,45.16,44.74
2015-08-05,45.96,45.76
2015-08-04,45.35,45.76
2015-08-03,46.86,46.01
2015-07-31,48.47,47.66
2015-07-30,48.83,48.85
2015-07-29,47.81,48.46
2015-07-28,47.02,47.56
2015-07-27,48.0,47.56
2015-07-24,48.79,48.38
2015-07-23,49.23,48.92
2015-07-22,50.71,49.88
2015-07-21,49.95,50.4
2015-07-20,50.76,50.56
2015-07-17,50.91,50.68
2015-07-16,51.62,51.5
2015-07-15,53.4,52.36
2015-07-14,52.0,52.16
2015-07-13,52.15,52.22
2015-07-10,52.48,52.92
2015-07-09,51.83,52.51
2015-07-08,52.91,51.94
2015-07-07,52.75,52.0
2015-07-06,56.42,54.6
2015-07-03,56.6,56.1
2015-07-02,56.87,57.22
2015-07-01,58.98,57.83
2015-06-30,58.27,58.82
2015-06-29,58.84,58.66
2015-06-26,59.66,59.36
2015-06-25,60.22,59.94
2015-06-24,61.14,60.68
2015-06-23,60.21,60.52
2015-06-22,59.44,59.61
2015-06-19,60.5,59.72
2015-06-18,59.78,60.07
2015-06-17,60.03,60.12
2015-06-16,59.6,59.9
2015-06-15,59.9,59.36
2015-06-12,60.55,60.18
2015-06-11,61.14,60.87
2015-06-10,60.58,61.14
2015-06-09,58.31,59.46
2015-06-08,58.96,58.5
2015-06-05,57.99,58.03
2015-06-04,59.57,58.88
2015-06-03,61.02,60.39
2015-06-02,60.18,60.84
2015-06-01,60.29,59.98
2015-05-29,57.97,59.21
2015-05-28,57.63,57.29
2015-05-27,58.32,58.16
2015-05-26,60.05,58.98
2015-05-25,59.93,59.68
2015-05-24,60.01,59.9
2015-05-22,60.66,60.08
2015-05-21,58.81,59.82
2015-05-20,58.32,58.57
2015-05-19,59.54,58.36
2015-05-18,59.85,59.97
2015-05-15,59.67,59.2
2015-05-14,60.1,60.1
2015-05-13,61.23,60.94
2015-05-12,59.27,60.24
2015-05-11,59.43,59.3
2015-05-08,59.02,59.02
2015-05-07,60.69,59.9
2015-05-06,60.72,61.56
2015-05-05,58.95,59.86
2015-05-04,59.3,59.09
2015-05-01,59.79,59.11
2015-04-30,58.55,59.12
2015-04-29,56.93,57.94
2015-04-28,56.65,56.95
2015-04-27,57.3,57.2
2015-04-24,57.53,57.22
2015-04-23,56.28,57.08
2015-04-22,56.34,56.46
2015-04-21,56.41,55.96
2015-04-20,56.16,56.01
2015-04-17,56.56,56.1
2015-04-16,55.92,56.24
2015-04-15,53.55,55.04
2015-04-14,52.05,52.81
2015-04-13,51.81,52.28
2015-04-10,50.73,51.0
2015-04-09,51.0,51.29
2015-04-08,53.18,51.8
2015-04-07,51.95,52.65
2015-04-06,49.47,50.86
2015-04-03,49.14,49.14
2015-04-02,49.59,49.19
2015-04-01,47.55,48.75
2015-03-31,48.73,48.0
2015-03-30,48.57,48.38
2015-03-27,51.01,49.8
2015-03-26,49.02,50.6
2015-03-25,47.72,48.23
2015-03-24,47.46,47.62
2015-03-23,46.41,46.47
2015-03-20,43.99,44.92
2015-03-19,44.6,43.73
2015-03-18,42.51,43.68
2015-03-17,43.84,43.3
2015-03-16,44.81,43.92
2015-03-13,46.93,46.02
2015-03-12,48.44,47.81
2015-03-11,48.77,48.19
2015-03-10,50.08,49.28
2015-03-09,49.6,50.02
2015-03-06,50.89,50.05
2015-03-05,51.62,51.5
2015-03-04,50.61,50.8
2015-03-03,49.8,50.14
2015-03-02,49.45,49.88
2015-02-27,48.97,49.2
2015-02-26,51.0,49.51
2015-02-25,49.16,49.86
2015-02-24,49.42,49.5
2015-02-23,50.75,49.83
2015-02-20,51.24,50.88
2015-02-19,50.55,50.64
2015-02-18,53.24,51.86
2015-02-17,52.75,52.48
2015-02-16,54.04,53.5
2015-02-15,53.75,54.06
2015-02-13,51.35,52.23
2015-02-12,49.42,50.37
2015-02-11,50.98,49.6
2015-02-10,52.43,51.26
2015-02-09,52.01,52.82
2015-02-06,50.86,51.94
2015-02-05,48.67,49.73
2015-02-04,51.67,50.26
2015-02-03,49.79,51.96
2015-02-02,47.59,48.62
2015-01-30,44.63,46.33
2015-01-29,44.43,44.27
2015-01-28,45.83,44.96
2015-01-27,45.13,45.68
2015-01-26,45.2,45.38
2015-01-23,46.63,46.48
2015-01-22,47.35,47.48
2015-01-21,46.69,47.38
2015-01-20,48.69,47.33
2015-01-19,48.84,48.42
2015-01-18,48.95,48.92
2015-01-16,46.35,47.41
2015-01-15,48.6,48.67
2015-01-14,46.16,46.96
2015-01-13,45.69,45.5
2015-01-12,48.19,46.9
2015-01-09,48.92,48.38
2015-01-08,48.78,48.69
2015-01-07,48.0,48.07
2015-01-06,50.0,48.96
2015-01-05,52.61,51.2
2015-01-02,53.76,53.57
2015-01-01,53.73,54.28
2014-12-31,53.87,53.23
2014-12-30,53.72,53.51
2014-12-29,55.05,54.32
2014-12-26,55.86,55.55
2014-12-25,55.87,55.89
2014-12-24,56.8,56.11
2014-12-23,55.39,56.31
2014-12-22,57.75,56.83
2014-12-19,55.5,55.56
2014-12-18,55.83,56.39
2014-12-17,55.5,56.6
2014-12-16,55.4,55.38
2014-12-15,57.07,56.88
2014-12-12,59.17,58.46
2014-12-11,61.12,60.32
2014-12-10,63.33,61.93
2014-12-09,63.01,63.22
2014-12-08,65.46,64.16
2014-12-05,66.8,66.03
2014-12-04,67.4,67.16
2014-12-03,67.6,67.52
2014-12-02,69.24,68.0
2014-12-01,66.0,66.63
2014-11-28,73.5,69.62
2014-11-27,73.54,70.66
2014-11-26,73.87,73.89
2014-11-25,75.51,75.14
2014-11-24,76.62,76.24
2014-11-21,76.29,76.72
2014-11-20,74.25,74.96
2014-11-19,74.23,74.64
2014-11-18,75.49,75.28
2014-11-17,75.93,75.44
2014-11-14,74.36,74.78
2014-11-13,76.95,75.61
2014-11-12,77.5,77.35
2014-11-11,77.18,77.23
2014-11-10,78.5,78.49
2014-11-07,77.86,78.44
2014-11-06,78.87,78.05
2014-11-05,77.36,77.9
2014-11-04,78.22,77.12
2014-11-03,80.59,79.53
2014-10-31,81.04,80.41
2014-10-30,81.93,81.4
2014-10-29,81.55,82.16
2014-10-28,80.64,81.01
2014-10-27,81.27,80.37
2014-10-24,81.95,81.16
2014-10-23,80.42,81.21
2014-10-22,82.55,81.68
2014-10-21,82.76,83.17
2014-10-20,83.13,82.52
2014-10-17,83.18,83.44
2014-10-16,81.06,82.3
2014-10-15,82.32,81.23
2014-10-14,84.98,83.46
2014-10-13,85.2,84.97
2014-10-10,84.39,84.94
2014-10-09,87.73,86.0
2014-10-08,88.43,87.73
2014-10-07,90.45,89.48
2014-10-06,89.77,89.75
2014-10-03,91.38,90.58
2014-10-02,90.74,89.86
2014-10-01,91.36,91.72
2014-09-30,94.34,92.88
2014-09-29,93.35,93.69
2014-09-26,92.47,93.04
2014-09-25,92.89,92.8
2014-09-24,91.72,92.21
2014-09-23,90.7,91.34
2014-09-22,92.22,91.92
2014-09-19,92.97,92.54
2014-09-18,93.97,93.84
2014-09-17,94.71,94.4
2014-09-16,92.81,93.82
2014-09-15,92.13,91.83
2014-09-12,93.05,92.82
2014-09-11,91.71,91.94
2014-09-10,92.79,92.12
2014-09-09,93.11,93.23
2014-09-08,93.49,92.71
2014-09-05,94.57,93.92
2014-09-04,95.07,94.78
2014-09-03,93.28,94.44
2014-09-02,95.81,94.3
2014-09-01,95.76,95.71
2014-08-29,94.56,95.24
2014-08-28,93.75,94.08
2014-08-27,93.88,93.8
2014-08-26,93.36,93.85
2014-08-25,93.34,93.5
2014-08-22,93.89,93.48
2014-08-21,93.49,93.48
2014-08-20,94.7,95.58
2014-08-19,96.56,95.66
2014-08-18,97.1,96.48
2014-08-15,95.5,96.36
2014-08-14,97.3,96.43
2014-08-13,97.2,97.26
2014-08-12,97.84,97.38
2014-08-11,97.54,97.98
2014-08-08,97.64,97.8
2014-08-07,96.89,97.14
2014-08-06,97.62,97.41
2014-08-05,98.41,97.84
2014-08-04,97.67,98.05
2014-08-01,97.7,97.6
2014-07-31,99.47,98.72
2014-07-30,101.03,100.54
2014-07-29,101.6,101.1
2014-07-28,101.87,101.5
2014-07-25,102.04,101.76
2014-07-24,103.2,102.6
2014-07-23,101.96,102.56
2014-07-22,104.58,104.57
2014-07-21,102.97,103.82
2014-07-18,103.72,103.26
2014-07-17,101.49,102.58
2014-07-16,100.21,100.84
2014-07-15,100.93,100.04
2014-07-14,100.46,100.71
2014-07-11,102.86,101.68
2014-07-10,101.95,102.28
2014-07-09,103.45,102.72
2014-07-08,103.39,103.6
2014-07-07,104.06,103.64
2014-07-04,104.11,103.88
2014-07-03,104.27,103.98
2014-07-02,105.21,104.82
2014-07-01,105.44,105.34
2014-06-30,105.69,105.21
2014-06-27,105.64,105.76
2014-06-26,106.71,105.92
2014-06-25,106.14,106.48
2014-06-24,106.02,105.85
2014-06-23,107.42,106.68
2014-06-20,106.6,107.03
2014-06-19,106.11,106.01
2014-06-18,106.6,106.38
2014-06-17,106.59,106.6
2014-06-16,106.88,107.06
2014-06-13,106.84,107.02
2014-06-12,104.47,105.65
2014-06-11,104.3,104.49
2014-06-10,104.46,104.52
2014-06-09,102.78,103.6
2014-06-06,102.44,102.68
2014-06-05,102.37,102.14
2014-06-04,102.79,103.02
2014-06-03,102.44,102.54
2014-06-02,102.92,102.72
2014-05-30,103.51,102.98
2014-05-29,103.06,103.28
2014-05-28,104.14,103.52
2014-05-27,104.34,104.04
2014-05-26,104.2,104.16
2014-05-23,103.71,104.07
2014-05-22,103.85,103.88
2014-05-21,102.96,103.54
2014-05-20,102.6,102.48
2014-05-19,102.13,102.53
2014-05-16,101.56,101.81
2014-05-15,102.03,101.76
2014-05-14,101.91,102.24
2014-05-13,100.63,101.2
2014-05-12,100.12,100.43
2014-05-09,100.27,100.44
2014-05-08,100.82,100.4
2014-05-07,99.83,100.38
2014-05-06,99.38,99.87
2014-05-05,99.96,99.68
2014-05-02,99.17,99.66
2014-05-01,99.72,99.32
2014-04-30,100.76,100.06
2014-04-29,100.89,101.46
2014-04-28,100.49,100.92
2014-04-25,101.93,101.26
2014-04-24,101.54,101.88
2014-04-23,101.86,101.64
2014-04-22,104.36,103.02
2014-04-21,104.54,104.31
2014-04-17,103.84,104.16
2014-04-16,103.76,104.06
2014-04-15,103.6,103.48
2014-04-14,103.56,103.94
2014-04-11,103.34,103.72
2014-04-10,103.44,103.46
2014-04-09,102.35,102.9
2014-04-08,100.69,101.7
2014-04-07,100.91,100.62
2014-04-04,100.38,100.96
2014-04-03,99.29,99.78
2014-04-02,99.64,99.34
2014-04-01,101.53,100.42
2014-03-31,101.69,101.42
2014-03-28,101.34,101.71
2014-03-27,100.3,100.86
2014-03-26,99.18,99.78
2014-03-25,99.43,99.52
2014-03-24,99.49,99.67
2014-03-21,98.59,99.25
2014-03-20,100.39,99.95
2014-03-19,99.53,99.9
2014-03-18,97.97,98.76
2014-03-17,99.39,98.38
2014-03-14,98.25,98.67
2014-03-13,98.1,98.14
2014-03-12,99.48,98.57
2014-03-11,100.94,100.42
2014-03-10,102.75,101.84
2014-03-07,101.97,102.24
2014-03-06,101.04,101.1
2014-03-05,103.35,102.19
2014-03-04,104.89,103.9
2014-03-03,103.0,104.08
2014-02-28,102.15,102.38
2014-02-27,102.57,102.42
2014-02-26,102.04,102.24
2014-02-25,102.8,101.93
2014-02-24,102.29,102.71
2014-02-21,102.87,102.3
2014-02-20,103.41,103.12
2014-02-19,103.14,103.1
2014-02-18,100.32,101.74
2014-02-17,100.59,100.53
2014-02-14,100.34,99.95
2014-02-13,100.27,100.03
2014-02-12,100.46,100.71
2014-02-11,99.97,100.1
2014-02-10,100.05,99.83
2014-02-07,97.97,98.68
2014-02-06,97.25,98.04
2014-02-05,97.67,97.53
2014-02-04,96.53,97.1
2014-02-03,97.4,97.1
2014-01-31,97.97,97.74
2014-01-30,97.42,97.96
2014-01-29,97.17,97.04
2014-01-28,95.66,96.64
2014-01-27,96.9,96.2
2014-01-24,97.37,97.02
2014-01-23,96.69,97.12
2014-01-22,95.2,96.0
2014-01-21,94.0,94.33
2014-01-20,94.31,93.98
2014-01-17,94.17,94.44
2014-01-16,94.29,94.12
2014-01-15,92.65,93.54
2014-01-14,91.51,92.19
2014-01-13,92.83,92.16
2014-01-10,92.3,92.68
2014-01-09,92.58,92.08
2014-01-08,93.96,93.22
2014-01-07,93.6,93.78
2014-01-06,94.18,93.9
2014-01-03,95.47,94.8
2014-01-02,98.5,97.16
2014-01-01,98.61,98.65
2013-12-31,99.25,98.77
2013-12-30,100.15,99.78
2013-12-27,99.63,100.06
2013-12-26,99.2,99.38
2013-12-24,98.62,98.92
2013-12-23,99.2,98.98
2013-12-20,98.7,98.97
2013-12-19,97.69,98.34
2013-12-18,97.3,97.52
2013-12-17,97.3,97.45
2013-12-16,96.55,96.95
2013-12-13,97.58,96.94
2013-12-12,97.55,97.74
2013-12-11,98.65,97.98
2013-12-10,97.25,97.99
2013-12-09,97.66,97.54
2013-12-06,97.38,97.57
2013-12-05,97.33,97.5
2013-12-04,96.9,96.94
2013-12-03,93.86,95.32
2013-12-02,92.71,93.32
2013-11-29,92.33,92.98
2013-11-28,92.19,92.22
2013-11-27,93.5,92.68
2013-11-26,94.21,94.06
2013-11-25,94.15,93.79
2013-11-22,95.29,94.81
2013-11-21,93.73,94.55
2013-11-20,93.33,93.33
2013-11-19,93.0,92.94
2013-11-18,93.78,93.51
2013-11-15,93.89,94.06
2013-11-14,93.5,93.47
2013-11-13,93.07,93.74
2013-11-12,95.0,94.04
2013-11-11,94.45,94.74
2013-11-08,94.36,94.41
2013-11-07,94.91,94.56
2013-11-06,93.74,94.52
2013-11-05,94.47,93.98
2013-11-04,94.52,94.58
2013-11-01,96.32,95.5
2013-10-31,96.62,96.53
2013-10-30,97.77,97.18
2013-10-29,98.54,98.13
2013-10-28,97.88,98.1
2013-10-25,97.19,97.52
2013-10-24,97.1,96.82
2013-10-23,98.12,97.22
2013-10-22,99.06,98.64
2013-10-21,100.63,99.96
2013-10-18,100.72,101.11
2013-10-17,102.13,101.18
2013-10-16,100.88,101.86
2013-10-15,102.19,101.66
2013-10-14,101.37,101.84
2013-10-11,102.94,101.78
2013-10-10,101.46,102.36
2013-10-09,103.49,102.46
2013-10-08,103.16,103.46
2013-10-07,103.45,102.8
2013-10-04,102.92,103.54
2013-10-03,103.82,103.62
2013-10-02,101.62,102.83
2013-10-01,102.31,101.82
2013-09-30,102.46,101.9
2013-09-27,102.91,103.06
2013-09-26,102.3,102.74
2013-09-25,103.41,103.08
2013-09-24,103.44,102.97
2013-09-23,104.89,104.12
2013-09-20,106.37,105.39
2013-09-19,108.22,107.54
2013-09-18,105.53,106.9
2013-09-17,106.22,105.68
2013-09-16,107.5,107.03
2013-09-13,108.64,107.98
2013-09-12,107.77,108.23
2013-09-11,107.36,107.31
2013-09-10,108.92,107.67
2013-09-09,110.28,109.61
2013-09-06,108.52,109.41
2013-09-05,107.59,107.84
2013-09-04,108.44,107.69
2013-09-03,107.07,106.52
2013-09-02,105.91,106.58
2013-08-30,108.17,107.75
2013-08-29,109.53,108.9
2013-08-28,109.22,110.68
2013-08-27,106.14,107.6
2013-08-26,106.91,106.46
2013-08-23,105.22,105.62
2013-08-22,103.86,104.39
2013-08-21,105.18,104.42
2013-08-20,106.93,105.8
2013-08-19,107.78,107.18
2013-08-16,107.18,107.36
2013-08-15,106.98,107.24
2013-08-14,106.54,106.33
2013-08-13,106.15,106.38
2013-08-12,105.84,105.74
2013-08-09,103.87,104.93
2013-08-08,104.18,103.59
2013-08-07,105.68,104.94
2013-08-06,106.48,106.06
2013-08-05,106.84,106.7
2013-08-02,107.8,107.64
2013-08-01,105.26,106.58
2013-07-31,103.15,104.18
2013-07-30,104.52,103.6
2013-07-29,104.61,104.62
2013-07-26,105.56,104.76
2013-07-25,105.37,104.98
2013-07-24,107.36,106.16
2013-07-23,107.0,106.5
2013-07-22,108.34,107.61
2013-07-19,108.12,108.4
2013-07-18,106.56,107.29
2013-07-17,105.78,105.85
2013-07-16,106.44,106.42
2013-07-15,106.05,105.64
2013-07-12,104.58,105.34
2013-07-11,106.15,105.88
2013-07-10,104.57,105.44
2013-07-09,103.0,103.54
2013-07-08,103.95,103.12
2013-07-05,101.09,102.2
2013-07-04,101.27,101.14
2013-07-03,99.61,100.88
2013-07-02,98.06,98.82
2013-07-01,96.58,97.18
2013-06-28,96.81,97.07
2013-06-27,95.52,96.38
2013-06-26,95.17,94.69
2013-06-25,95.02,95.38
2013-06-24,93.85,94.13
2013-06-21,94.96,94.48
2013-06-20,98.02,96.46
2013-06-19,98.59,98.29
2013-06-18,97.93,98.04
2013-06-17,97.85,98.06
2013-06-14,96.64,97.34
2013-06-13,95.77,95.97
2013-06-12,94.89,95.46
2013-06-11,95.76,94.98
2013-06-10,96.09,95.72
2013-06-07,94.72,95.06
2013-06-06,93.7,94.5
2013-06-05,93.86,93.94
2013-06-04,93.35,93.4
2013-06-03,91.73,92.48
2013-05-31,93.64,92.7
2013-05-30,92.89,92.82
2013-05-29,95.05,94.02
2013-05-28,93.89,94.58
2013-05-27,93.54,93.64
2013-05-24,94.37,93.72
2013-05-23,94.18,93.34
2013-05-22,95.9,95.1
2013-05-21,96.7,96.24
2013-05-20,95.93,96.17
2013-05-17,95.15,95.62
2013-05-16,94.34,94.4
2013-05-15,94.13,93.28
2013-05-14,94.93,94.76
2013-05-13,95.76,95.14
2013-05-10,96.16,94.8
2013-05-09,96.6,96.06
2013-05-08,95.56,96.0
2013-05-07,95.79,95.59
2013-05-06,95.58,96.01
2013-05-03,93.99,94.8
2013-05-02,91.0,92.45
2013-05-01,93.08,91.68
2013-04-30,94.42,93.74
2013-04-29,92.7,93.56
2013-04-26,93.24,92.82
2013-04-25,91.58,92.49
2013-04-24,89.6,90.46
2013-04-23,89.28,88.7
2013-04-22,87.96,88.34
2013-04-19,88.37,88.18
2013-04-18,86.39,87.06
2013-04-17,88.8,87.58
2013-04-16,87.42,87.51
2013-04-15,90.95,89.09
2013-04-12,93.49,91.9
2013-04-11,94.56,93.85
2013-04-10,93.96,94.11
2013-04-09,93.49,93.67
2013-04-08,93.02,93.1
2013-04-05,93.36,92.74
2013-04-04,94.5,93.48
2013-04-03,96.93,95.57
2013-04-02,97.0,96.68
2013-04-01,97.36,96.86
2013-03-28,96.68,96.8
2013-03-27,96.18,96.21
2013-03-26,94.75,95.56
2013-03-25,93.72,94.68
2013-03-22,92.33,93.14
2013-03-21,93.4,92.68
2013-03-20,92.09,92.68
2013-03-19,93.8,93.06
2013-03-18,93.26,92.85
2013-03-15,93.15,93.42
2013-03-14,92.51,92.63
2013-03-13,92.62,92.66
2013-03-12,91.94,92.54
2013-03-11,91.83,91.52
2013-03-08,91.42,91.43
2013-03-07,90.42,90.98
2013-03-06,90.83,90.36
2013-03-05,90.23,90.5
2013-03-04,90.71,90.12
2013-03-01,91.76,91.0
2013-02-28,92.89,92.38
2013-02-27,92.72,92.78
2013-02-26,91.92,92.68
2013-02-25,93.23,93.26
2013-02-22,92.96,92.96
2013-02-21,94.72,93.78
2013-02-20,96.66,95.5
2013-02-19,95.97,95.99
2013-02-15,97.34,96.34
2013-02-14,97.17,97.24
2013-02-13,97.59,97.37
2013-02-12,96.96,97.24
2013-02-11,95.79,96.03
2013-02-08,95.92,95.92
2013-02-07,96.86,96.38
2013-02-06,96.64,96.02
2013-02-05,96.13,96.49
2013-02-04,97.72,96.82
2013-02-01,97.42,97.33
2013-01-31,97.96,97.44
2013-01-30,97.32,97.78
2013-01-29,96.46,97.06
2013-01-28,96.04,96.14
2013-01-25,95.95,96.0
2013-01-24,95.5,95.9
2013-01-23,96.76,95.94
2013-01-22,95.25,95.68
2013-01-18,95.19,95.29
2013-01-17,94.19,94.92
2013-01-16,93.4,93.73
2013-01-15,94.2,93.83
2013-01-14,93.74,93.62
2013-01-11,93.87,93.39
2013-01-10,93.19,93.89
2013-01-09,93.15,93.16
2013-01-08,93.32,93.24
2013-01-07,93.21,92.88
2013-01-04,92.86,92.36
2013-01-03,92.91,92.9
2013-01-02,91.78,92.72
2012-12-31,90.41,91.0
2012-12-28,91.15,90.9
2012-12-27,91.0,90.74
2012-12-26,88.62,89.94
2012-12-24,88.6,88.53
2012-12-21,90.02,89.01
2012-12-20,89.69,89.9
2012-12-19,87.94,88.86
2012-12-18,87.45,87.68
2012-12-17,86.88,87.1
2012-12-14,86.13,86.48
2012-12-13,86.77,86.39
2012-12-12,85.69,86.68
2012-12-11,85.7,85.79
2012-12-10,85.98,86.06
2012-12-07,86.39,86.34
2012-12-06,87.87,86.96
2012-12-05,88.5,88.26
2012-12-04,88.93,88.38
2012-12-03,88.85,89.5
2012-11-30,87.66,88.23
2012-11-29,86.57,87.62
2012-11-28,87.33,86.35
2012-11-27,87.82,87.54
2012-11-26,88.21,87.78
2012-11-23,87.68,87.62
2012-11-21,87.28,87.13
2012-11-20,89.15,87.68
2012-11-19,87.3,88.46
2012-11-16,85.28,86.02
2012-11-15,86.36,85.76
2012-11-14,85.37,85.79
2012-11-13,85.59,85.26
2012-11-12,86.19,85.9
2012-11-09,85.0,85.45
2012-11-08,84.52,84.96
2012-11-07,88.42,86.42
2012-11-06,85.67,87.32
2012-11-05,84.65,85.12
2012-11-02,86.91,85.95
2012-11-01,86.1,86.67
2012-10-31,85.73,86.4
2012-10-30,85.31,85.67
2012-10-29,86.43,85.54
2012-10-26,86.0,85.68
2012-10-25,85.65,85.99
2012-10-24,86.6,86.2
2012-10-23,89.14,87.49
2012-10-22,89.52,89.5
2012-10-19,92.04,91.44
2012-10-18,92.06,91.62
2012-10-17,92.08,92.2
2012-10-16,91.76,91.81
2012-10-15,91.63,91.0
2012-10-12,92.41,91.9
2012-10-11,91.27,92.02
2012-10-10,92.26,92.34
2012-10-09,89.62,91.1
2012-10-08,89.85,89.05
2012-10-05,91.51,90.36
2012-10-04,88.01,89.88
2012-10-03,91.64,89.76
2012-10-02,92.41,92.28
2012-10-01,92.15,92.3
2012-09-28,92.35,92.06
2012-09-27,90.08,91.14
2012-09-26,90.82,90.15
2012-09-25,92.11,91.88
2012-09-24,93.18,92.12
2012-09-21,92.93,93.22
2012-09-20,91.77,91.52
2012-09-19,95.49,93.71
2012-09-18,96.71,96.17
2012-09-17,99.15,97.08
2012-09-14,98.04,99.2
2012-09-13,96.93,97.54
2012-09-12,96.85,97.18
2012-09-11,96.29,96.7
2012-09-10,96.24,95.98
2012-09-07,94.7,95.41
2012-09-06,96.0,96.15
2012-09-05,95.61,95.15
2012-09-04,96.38,96.17
2012-08-31,94.75,95.72
2012-08-30,95.3,94.78
2012-08-29,96.08,95.56
2012-08-28,95.66,95.84
2012-08-27,96.67,96.06
2012-08-24,96.06,96.29
2012-08-23,97.3,97.02
2012-08-22,96.94,96.9
2012-08-21,95.97,96.7
2012-08-20,96.36,95.78
2012-08-17,95.23,95.63
2012-08-16,94.21,94.84
2012-08-15,93.25,93.79
2012-08-14,92.71,93.24
2012-08-13,93.25,93.1
2012-08-10,93.46,92.79
2012-08-09,93.43,93.64
2012-08-08,93.41,93.77
2012-08-07,92.05,93.1
2012-08-06,91.34,91.48
2012-08-03,87.26,89.48
2012-08-02,88.87,88.28
2012-08-01,88.03,88.49
2012-07-31,89.67,88.8
2012-07-30,90.14,90.14
2012-07-27,89.43,89.79
2012-07-26,89.1,89.27
2012-07-25,88.2,88.1
2012-07-24,88.05,88.26
2012-07-23,91.61,89.78
2012-07-20,92.22,91.48
2012-07-19,90.08,91.4
2012-07-18,89.13,89.32
2012-07-17,88.26,88.44
2012-07-16,87.13,87.44
2012-07-13,85.86,86.6
2012-07-12,86.2,85.29
2012-07-11,84.01,85.25
2012-07-10,85.84,84.8
2012-07-09,84.2,85.24
2012-07-06,86.73,85.57
2012-07-05,87.75,87.74
2012-07-03,83.67,85.68
2012-07-02,84.65,83.57
2012-06-29,78.46,81.81
2012-06-28,80.48,79.06
2012-06-27,79.47,79.8
2012-06-26,79.23,79.02
2012-06-25,80.2,79.36
2012-06-22,78.11,78.96
2012-06-21,81.08,79.56
2012-06-20,84.04,82.62
2012-06-19,83.06,83.34
2012-06-18,85.09,83.82
2012-06-15,84.33,84.11
2012-06-14,82.44,83.34
2012-06-13,83.51,83.08
2012-06-12,81.18,82.4
2012-06-11,85.72,83.88
2012-06-08,83.63,83.34
2012-06-07,85.5,85.23
2012-06-06,84.12,85.15
2012-06-05,84.14,84.12
2012-06-04,82.96,82.79
2012-06-01,86.44,84.44
2012-05-31,87.55,87.07
2012-05-30,90.86,89.1
2012-05-29,91.0,91.23
2012-05-25,90.79,90.76
2012-05-24,90.53,90.66
2012-05-23,91.54,90.5
2012-05-22,92.64,92.2
2012-05-21,91.27,91.95
2012-05-18,92.86,91.9
2012-05-17,92.77,92.98
2012-05-16,93.16,92.98
2012-05-15,93.91,94.25
2012-05-14,95.79,94.74
2012-05-11,96.53,96.38
2012-05-10,96.45,96.88
2012-05-09,97.38,96.28
2012-05-08,97.96,96.82
2012-05-07,98.05,96.79
2012-05-04,102.59,100.12
2012-05-03,105.39,103.89
2012-05-02,105.98,105.48
2012-05-01,104.89,105.41
2012-04-30,104.93,104.52
2012-04-27,104.1,104.37
2012-04-26,103.96,104.38
2012-04-25,103.76,103.84
2012-04-24,103.11,103.44
2012-04-23,103.82,102.86
2012-04-20,102.57,103.36
2012-04-19,102.73,102.44
2012-04-18,104.22,103.35
2012-04-17,103.15,103.86
2012-04-16,102.8,102.58
2012-04-13,103.66,103.26
2012-04-12,102.55,103.32
2012-04-11,100.94,101.98
2012-04-10,102.33,101.82
2012-04-09,102.53,101.7
2012-04-05,101.96,102.38
2012-04-04,104.09,102.6
2012-04-03,105.04,104.38
2012-04-02,103.27,103.78
2012-03-30,103.29,103.46
2012-03-29,105.58,103.92
2012-03-28,106.81,105.8
2012-03-27,107.09,107.12
2012-03-26,106.79,106.76
2012-03-23,105.52,106.7
2012-03-22,106.81,105.81
2012-03-21,106.33,106.85
2012-03-20,107.82,106.63
2012-03-19,107.18,107.4
2012-03-16,105.44,106.24
2012-03-15,105.5,104.98
2012-03-14,106.69,106.07
2012-03-13,106.55,106.51
2012-03-12,107.5,106.47
2012-03-09,106.91,107.16
2012-03-08,106.24,106.52
2012-03-07,104.93,105.45
2012-03-06,107.11,105.93
2012-03-05,106.75,106.46
2012-03-02,108.75,107.42
2012-03-01,106.82,108.55
2012-02-29,106.46,106.14
2012-02-28,107.95,107.54
2012-02-27,109.67,108.52
2012-02-24,108.66,108.95
2012-02-23,105.95,107.1
2012-02-22,106.01,106.16
2012-02-21,104.65,105.16
2012-02-17,102.35,103.2
2012-02-16,101.9,101.76
2012-02-15,100.9,101.58
2012-02-14,100.73,101.06
2012-02-13,99.33,99.98
2012-02-10,99.89,98.6
2012-02-09,99.1,99.42
2012-02-08,98.77,99.1
2012-02-07,97.13,97.48
2012-02-06,97.74,97.06
2012-02-03,96.61,97.02
2012-02-02,97.11,96.72
2012-02-01,98.38,98.3
2012-01-31,98.88,99.58
2012-01-30,100.0,99.24
2012-01-27,99.93,99.88
2012-01-26,99.96,100.31
2012-01-25,99.2,98.96
2012-01-24,99.88,99.22
2012-01-23,98.34,98.82
2012-01-20,100.39,99.32
2012-01-19,101.14,101.02
2012-01-18,100.91,100.95
2012-01-17,98.95,99.8
2012-01-13,99.2,98.94
2012-01-12,101.0,100.74
2012-01-11,102.2,101.5
2012-01-10,101.3,102.35
2012-01-09,101.92,101.12
2012-01-06,101.35,101.84
2012-01-05,103.29,102.52
2012-01-04,102.99,102.81
2012-01-03,99.7,101.42
2011-12-30,99.78,99.38
2011-12-29,99.59,99.11
2011-12-28,101.25,100.41
2011-12-27,99.92,100.57
2011-12-23,99.48,99.74
2011-12-22,99.03,99.28
2011-12-21,97.53,98.02
2011-12-20,94.14,95.8
2011-12-19,93.76,93.48
2011-12-16,93.42,93.66
2011-12-15,94.89,94.65
2011-12-14,100.33,97.27
2011-12-13,97.85,99.44
2011-12-12,99.58,98.61
2011-12-09,98.08,98.64
2011-12-08,100.84,99.72
2011-12-07,101.11,100.8
2011-12-06,100.45,100.81
2011-12-05,101.23,101.34
2011-12-02,100.0,100.66
2011-12-01,100.51,100.02
2011-11-30,99.48,100.34
2011-11-29,97.75,98.69
2011-11-28,97.5,98.94
2011-11-25,95.79,96.27
2011-11-23,97.79,96.61
2011-11-22,97.2,97.62
2011-11-21,97.54,96.55
2011-11-18,98.61,98.4
2011-11-17,101.76,100.82
2011-11-16,99.32,100.64
2011-11-15,98.04,98.68
2011-11-14,99.3,98.44
2011-11-11,97.51,98.38
2011-11-10,95.75,96.78
2011-11-09,96.81,96.19
2011-11-08,95.87,96.16
2011-11-07,94.4,94.67
2011-11-04,94.24,93.9
2011-11-03,92.99,92.74
2011-11-02,91.6,92.38
2011-11-01,92.58,91.02
2011-10-31,93.53,92.58
2011-10-28,93.93,92.97
2011-10-27,90.98,92.5
2011-10-26,92.59,91.96
2011-10-25,91.69,92.88
2011-10-24,87.05,89.44
2011-10-21,86.5,87.42
2011-10-20,86.1,85.52
2011-10-19,88.26,87.69
2011-10-18,86.2,87.29
2011-10-17,87.48,87.03
2011-10-14,84.47,85.6
2011-10-13,84.93,84.28
2011-10-12,85.2,85.56
2011-10-11,85.7,85.3
2011-10-10,82.75,84.42
2011-10-07,82.57,82.68
2011-10-06,79.71,80.99
2011-10-05,78.25,78.42
2011-10-04,76.4,76.68
2011-10-03,78.92,77.94
2011-09-30,83.07,80.88
2011-09-29,80.67,81.81
2011-09-28,83.76,82.56
2011-09-27,81.48,82.84
2011-09-26,79.64,79.34
2011-09-23,80.4,79.68
2011-09-22,84.81,82.33
2011-09-21,86.51,86.32
2011-09-20,85.84,86.28
2011-09-19,87.75,86.27
2011-09-16,89.11,88.39
2011-09-15,88.6,89.08
2011-09-14,89.88,89.23
2011-09-13,88.95,89.16
2011-09-12,86.7,86.98
2011-09-09,88.77,87.57
2011-09-08,90.11,89.32
2011-09-07,86.5,88.32
2011-09-06,86.46,84.9
2011-09-02,88.78,87.2
2011-09-01,88.73,89.06
2011-08-31,88.79,88.6
2011-08-30,87.51,87.84
2011-08-29,85.33,86.36
2011-08-26,85.09,84.3
2011-08-25,85.17,84.78
2011-08-24,85.67,85.57
2011-08-23,84.45,84.9
2011-08-22,82.42,82.9
2011-08-19,81.3,81.36
2011-08-18,87.41,84.34
2011-08-17,87.1,87.82
2011-08-16,87.68,86.78
2011-08-15,85.59,86.22
2011-08-12,85.55,85.7
2011-08-11,81.95,83.5
2011-08-10,81.9,81.34
2011-08-09,81.1,79.38
2011-08-08,85.71,82.95
2011-08-05,86.5,85.6
2011-08-04,91.94,89.32
2011-08-03,93.15,92.48
2011-08-02,95.02,94.38
2011-08-01,96.2,96.01
2011-07-29,97.16,96.17
2011-07-28,97.27,97.26
2011-07-27,99.18,98.32
2011-07-26,99.15,99.19
2011-07-25,99.76,99.2
2011-07-22,99.2,99.31
2011-07-21,98.36,98.68
2011-07-20,98.11,97.83
2011-07-19,96.16,97.29
2011-07-18,97.37,96.19
2011-07-15,96.03,96.48
2011-07-14,97.59,96.7
2011-07-13,96.72,97.87
2011-07-12,95.09,95.52
2011-07-11,96.1,95.44
2011-07-08,98.79,97.39
2011-07-07,97.04,98.2
2011-07-06,97.0,96.84
2011-07-05,94.98,95.91
2011-07-01,95.12,94.42
2011-06-30,95.08,94.85
2011-06-29,93.37,94.25
2011-06-28,90.71,91.9
2011-06-27,91.16,90.46
2011-06-24,92.29,91.08
2011-06-23,94.4,92.08
2011-06-22,93.76,94.47
2011-06-21,93.49,93.62
2011-06-20,92.8,92.32
2011-06-17,95.1,93.62
2011-06-16,95.29,95.02
2011-06-15,99.68,96.98
2011-06-14,97.09,98.08
2011-06-13,98.77,97.72
2011-06-10,101.84,100.38
2011-06-09,100.83,101.59
2011-06-08,99.58,99.96
2011-06-07,98.82,98.74
2011-06-06,100.42,99.62
2011-06-03,100.87,99.5
2011-06-02,99.79,99.7
2011-06-01,102.68,101.47
2011-05-31,100.69,101.5
2011-05-27,100.16,100.64
2011-05-26,101.24,100.76
2011-05-25,99.27,99.92
2011-05-24,97.54,98.35
2011-05-23,99.68,98.21
2011-05-20,98.6,97.94
2011-05-19,99.76,99.48
2011-05-18,97.57,99.22
2011-05-17,96.98,96.42
2011-05-16,99.36,98.24
2011-05-13,98.81,98.9
2011-05-12,98.59,97.87
2011-05-11,103.69,101.05
2011-05-10,102.44,102.04
2011-05-09,98.11,100.41
2011-05-06,99.76,98.5
2011-05-05,108.78,103.82
2011-05-04,110.68,109.85
2011-05-03,112.98,111.76
2011-05-02,113.89,112.82
2011-04-29,112.82,113.22
2011-04-28,113.13,112.83
2011-04-27,111.89,112.06
2011-04-26,112.15,111.88
2011-04-25,112.34,112.28
2011-04-21,111.37,111.74
2011-04-20,108.45,109.81
2011-04-19,107.52,106.98
2011-04-18,109.43,107.99
2011-04-15,108.45,108.66
2011-04-14,107.32,107.16
2011-04-13,106.02,106.37
2011-04-12,108.97,107.85
2011-04-11,113.28,111.07
2011-04-08,110.32,111.66
2011-04-07,108.67,109.34
2011-04-06,107.99,108.44
2011-04-05,108.2,108.05
2011-04-04,108.29,108.18
2011-04-01,106.62,107.38
2011-03-31,104.31,105.48
2011-03-30,104.45,104.3
2011-03-29,103.94,103.85
2011-03-28,105.43,104.68
2011-03-25,105.46,105.22
2011-03-24,105.52,105.72
2011-03-23,104.85,105.36
2011-03-22,102.1,102.99
2011-03-21,102.12,102.5
2011-03-18,101.78,101.9
2011-03-17,98.1,99.29
2011-03-16,97.4,97.91
2011-03-15,101.86,99.29
2011-03-14,100.31,100.18
2011-03-11,102.64,101.0
2011-03-10,104.45,102.84
2011-03-09,104.96,104.91
2011-03-08,104.85,104.56
2011-03-07,104.65,105.6
2011-03-04,101.7,103.36
2011-03-03,102.39,101.54
2011-03-02,100.48,100.85
2011-03-01,96.97,98.53
2011-02-28,98.5,98.34
2011-02-25,96.63,97.68
2011-02-24,98.97,99.52
2011-02-23,95.68,97.57
2011-02-22,86.33,90.37
2011-02-18,86.4,86.76
2011-02-17,85.25,85.5
2011-02-16,84.44,85.04
2011-02-15,84.84,84.91
2011-02-14,85.5,85.55
2011-02-11,87.7,86.44
2011-02-10,86.93,86.93
2011-02-09,87.35,87.16
2011-02-08,87.41,87.0
2011-02-07,89.06,88.36
2011-02-04,90.63,90.06
2011-02-03,90.93,91.02
2011-02-02,90.51,90.94
2011-02-01,92.2,91.39
2011-01-31,89.97,90.62
2011-01-28,85.28,87.42
2011-01-27,87.55,86.44
2011-01-26,86.23,86.91
2011-01-25,87.7,86.98
2011-01-24,89.26,88.45
2011-01-21,89.45,89.54
2011-01-20,90.7,89.43
2011-01-19,91.34,91.28
2011-01-18,91.51,91.22
2011-01-14,90.99,90.9
2011-01-13,92.0,91.56
2011-01-12,91.18,91.59
2011-01-11,89.31,90.16
2011-01-10,89.0,89.06
2011-01-07,88.18,88.36
2011-01-06,90.47,89.28
2011-01-05,89.29,89.47
2011-01-04,91.5,90.22
2011-01-03,91.31,91.9
2010-12-31,89.67,90.56
2010-12-30,90.98,90.21
2010-12-29,91.27,91.16
2010-12-28,90.79,91.21
2010-12-27,91.07,91.2
2010-12-23,90.61,90.98
2010-12-22,89.99,90.32
2010-12-21,89.22,89.58
2010-12-20,88.18,88.12
2010-12-17,87.87,87.76
2010-12-16,88.48,88.14
2010-12-15,88.28,87.96
2010-12-14,88.19,88.34
2010-12-13,87.68,88.46
2010-12-10,88.51,88.05
2010-12-09,88.55,88.56
2010-12-08,88.35,88.16
2010-12-07,88.92,89.4
2010-12-06,89.44,89.16
2010-12-03,87.94,88.32
2010-12-02,86.8,87.2
2010-12-01,83.66,85.29
2010-11-30,85.81,84.72
2010-11-29,83.9,84.74
2010-11-26,84.21,83.66
2010-11-24,80.99,82.61
2010-11-23,81.61,81.19
2010-11-22,82.15,81.78
2010-11-19,82.24,81.67
2010-11-18,80.45,81.4
2010-11-17,82.44,81.37
2010-11-16,84.58,83.38
2010-11-15,84.87,85.12
2010-11-12,87.73,86.18
2010-11-11,87.85,88.08
2010-11-10,86.45,87.16
2010-11-09,86.75,86.56
2010-11-08,87.39,86.72
2010-11-05,86.6,86.7
2010-11-04,85.09,85.88
2010-11-03,84.37,84.46
2010-11-02,82.88,83.65
2010-11-01,81.45,82.59
2010-10-29,81.92,81.34
2010-10-28,81.99,82.07
2010-10-27,82.48,81.6
2010-10-26,82.47,82.34
2010-10-25,82.01,82.36
2010-10-22,80.73,81.24
2010-10-21,82.55,81.4
2010-10-20,79.48,80.69
2010-10-19,82.95,81.23
2010-10-18,81.38,81.82
2010-10-15,82.77,82.04
2010-10-14,83.23,83.16
2010-10-13,81.72,82.56
2010-10-12,81.94,81.6
2010-10-11,82.95,82.66
2010-10-08,81.43,81.72
2010-10-07,83.27,82.72
2010-10-06,82.6,83.19
2010-10-05,81.37,82.07
2010-10-04,81.68,81.57
2010-10-01,79.84,80.72
2010-09-30,77.91,78.87
2010-09-29,76.2,76.86
2010-09-28,76.23,76.32
2010-09-27,76.47,76.34
2010-09-24,74.95,75.67
2010-09-23,74.84,74.6
2010-09-22,74.79,74.92
2010-09-21,74.57,73.7
2010-09-20,73.59,74.38
2010-09-17,74.47,74.0
2010-09-16,75.76,75.05
2010-09-15,76.64,75.66
2010-09-14,77.17,77.1
2010-09-13,76.36,77.2
2010-09-10,74.4,75.55
2010-09-09,74.92,74.92
2010-09-08,73.91,74.38
2010-09-07,74.3,73.63
2010-09-03,74.93,74.32
2010-09-02,73.91,74.12
2010-09-01,71.7,73.08
2010-08-31,74.07,73.13
2010-08-30,75.5,74.8
2010-08-27,73.18,73.82
2010-08-26,72.82,73.26
2010-08-25,71.47,71.87
2010-08-24,72.95,72.18
2010-08-23,73.9,73.62
2010-08-20,74.45,73.9
2010-08-19,75.27,75.03
2010-08-18,75.45,74.78
2010-08-17,75.06,75.82
2010-08-16,75.6,75.4
2010-08-13,75.75,75.88
2010-08-12,77.31,76.74
2010-08-11,80.22,78.84
2010-08-10,81.44,80.41
2010-08-09,80.91,81.24
2010-08-06,82.12,81.36
2010-08-05,82.44,82.02
2010-08-04,82.42,82.3
2010-08-03,81.41,81.88
2010-08-02,78.95,80.3
2010-07-30,78.25,77.94
2010-07-29,76.89,77.67
2010-07-28,77.08,76.82
2010-07-27,78.92,78.24
2010-07-26,78.98,78.69
2010-07-23,79.27,79.0
2010-07-22,76.43,77.79
2010-07-21,77.85,77.38
2010-07-20,76.4,76.61
2010-07-19,75.72,76.6
2010-07-16,76.82,76.2
2010-07-15,76.76,76.5
2010-07-14,77.13,77.26
2010-07-13,75.06,75.81
2010-07-12,76.3,75.47
2010-07-09,75.85,75.74
2010-07-08,74.85,75.19
2010-07-07,72.07,73.18
2010-07-06,72.06,72.47
2010-07-02,72.67,72.5
2010-07-01,75.37,73.72
2010-06-30,75.46,75.61
2010-06-29,78.15,76.76
2010-06-28,79.0,78.55
2010-06-25,76.56,77.54
2010-06-24,76.0,75.94
2010-06-23,77.52,76.5
2010-06-22,77.35,77.32
2010-06-21,77.5,77.9
2010-06-18,76.55,76.5
2010-06-17,77.45,76.98
2010-06-16,77.06,77.1
2010-06-15,74.77,75.89
2010-06-14,74.06,75.02
2010-06-11,75.52,74.45
2010-06-10,73.87,75.01
2010-06-09,72.51,73.5
2010-06-08,71.16,71.68
2010-06-07,70.35,71.0
2010-06-04,74.61,73.08
2010-06-03,73.7,73.63
2010-06-02,71.94,72.81
2010-06-01,73.97,73.48
2010-05-28,74.9,74.42
2010-05-27,70.74,72.81
2010-05-26,70.06,70.46
2010-05-25,69.9,68.6
2010-05-24,70.62,70.26
2010-05-21,69.52,70.12
2010-05-20,71.2,67.76
2010-05-19,69.11,69.67
2010-05-18,70.5,70.72
2010-05-17,71.79,70.76
2010-05-14,73.99,72.48
2010-05-13,75.47,75.04
2010-05-12,75.89,75.88
2010-05-11,77.26,76.52
2010-05-10,76.11,77.16
2010-05-07,76.95,76.35
2010-05-06,79.63,77.48
2010-05-05,82.13,80.99
2010-05-04,86.09,84.14
2010-05-03,86.2,86.49
2010-04-30,85.58,85.83
2010-04-29,83.33,84.32
2010-04-28,81.84,82.36
2010-04-27,83.89,83.02
2010-04-26,85.22,84.68
2010-04-23,83.75,84.06
2010-04-22,83.47,82.9
2010-04-21,84.03,83.78
2010-04-20,81.69,82.58
2010-04-19,82.92,81.76
2010-04-16,85.35,83.98
2010-04-15,85.91,85.77
2010-04-14,83.82,85.05
2010-04-13,84.36,83.46
2010-04-12,85.17,84.9
2010-04-09,85.56,85.24
2010-04-08,85.64,85.13
2010-04-07,86.76,86.26
2010-04-06,86.74,86.61
2010-04-05,85.31,85.98
2010-04-01,83.36,84.29
2010-03-31,82.5,83.04
2010-03-30,82.5,82.26
2010-03-29,80.24,81.48
2010-03-26,80.13,80.5
2010-03-25,80.25,80.79
2010-03-24,81.58,80.76
2010-03-23,81.81,81.53
2010-03-22,80.93,80.03
2010-03-19,82.17,81.02
2010-03-18,82.85,82.26
2010-03-17,82.05,82.4
2010-03-16,79.84,80.71
2010-03-15,81.13,80.22
2010-03-12,82.2,81.86
2010-03-11,81.98,81.85
2010-03-10,81.38,81.92
2010-03-09,81.75,81.04
2010-03-08,81.79,81.58
2010-03-05,80.58,81.27
2010-03-04,81.01,80.4
2010-03-03,79.64,80.34
2010-03-02,78.88,79.6
2010-03-01,79.84,79.34
2010-02-26,78.33,78.94
2010-02-25,80.31,78.68
2010-02-24,79.13,79.35
2010-02-23,80.03,79.31
2010-02-22,80.1,79.98
2010-02-19,78.37,78.93
2010-02-18,77.29,77.81
2010-02-17,77.32,77.18
2010-02-16,74.02,75.56
2010-02-12,75.3,74.0
2010-02-11,74.65,74.54
2010-02-10,73.79,73.78
2010-02-09,71.68,72.74
2010-02-08,72.18,71.58
2010-02-05,73.04,71.72
2010-02-04,77.09,74.8
2010-02-03,76.99,77.28
2010-02-02,74.94,75.9
2010-02-01,72.84,73.74
2010-01-29,73.89,73.62
2010-01-28,73.75,73.71
2010-01-27,74.69,73.87
2010-01-26,75.28,74.6
2010-01-25,74.24,74.74
2010-01-22,75.84,75.26
2010-01-21,77.56,77.01
2010-01-20,78.88,78.0
2010-01-19,77.85,77.96
2010-01-15,79.2,78.5
2010-01-14,79.63,79.64
2010-01-13,80.06,79.52
2010-01-12,82.07,81.12
2010-01-11,82.88,82.96
2010-01-08,82.65,82.64
2010-01-07,83.2,82.81
2010-01-06,81.43,82.18
2010-01-05,81.63,81.47
2010-01-04,79.63,80.71
