date,illinois_precip,illinois_temp
2014-01-01,0.04339622641509434,19.971698113207548
2014-01-02,0.1562037037037037,11.796296296296296
2014-01-03,0.009729729729729733,1.2162162162162162
2014-01-04,0.01076923076923077,26.971153846153847
2014-01-05,0.28235294117647064,17.254901960784313
2014-01-06,0.2643564356435643,-11.366336633663366
2014-01-07,0.0,-5.221153846153846
2014-01-08,0.0,8.310679611650485
2014-01-09,0.008224299065420564,15.336448598130842
2014-01-10,0.11009345794392521,32.86915887850467
2014-01-11,0.5463809523809525,34.39047619047619
2014-01-12,0.0004807692307692308,31.85576923076923
2014-01-13,0.008878504672897197,38.28971962616822
2014-01-14,0.008018018018018021,29.72972972972973
2014-01-15,0.008909090909090913,17.063636363636363
2014-01-16,0.01794642857142858,26.205357142857142
2014-01-17,0.018035714285714297,11.375
2014-01-18,0.027830188679245263,16.849056603773583
2014-01-19,0.07566037735849053,22.528301886792452
2014-01-20,0.00814814814814815,29.935185185185187
2014-01-21,0.07499999999999997,5.89622641509434
2014-01-22,0.001801801801801802,9.315315315315315
2014-01-23,0.005225225225225226,-1.7207207207207207
2014-01-24,0.0022935779816513767,7.8807339449541285
2014-01-25,0.014571428571428575,26.142857142857142
2014-01-26,0.0471153846153846,25.14423076923077
2014-01-27,0.009230769230769233,1.5
2014-01-28,0.0006363636363636364,-2.827272727272727
2014-01-29,0.0,7.3545454545454545
2014-01-30,0.002162162162162162,24.37837837837838
2014-01-31,0.014636363636363642,20.10909090909091
2014-02-01,0.29571428571428576,27.742857142857144
2014-02-02,0.26300970873786406,12.699029126213592
2014-02-03,0.02150943396226415,1.1320754716981132
2014-02-04,0.041727272727272724,15.5
2014-02-05,0.3210185185185186,17.787037037037038
2014-02-06,0.013394495412844036,-1.761467889908257
2014-02-07,0.00017857142857142857,-3.169642857142857
2014-02-08,0.02745283018867924,13.066037735849056
2014-02-09,0.04707547169811321,12.81132075471698
2014-02-10,0.004433962264150944,-3.2641509433962264
2014-02-11,0.0,-7.110091743119266
2014-02-12,0.00018181818181818183,5.6909090909090905
2014-02-13,0.0011818181818181819,15.163636363636364
2014-02-14,0.05216981132075472,15.556603773584905
2014-02-15,0.1192,5.64
2014-02-16,0.04267326732673266,20.475247524752476
2014-02-17,0.09990476190476191,25.60952380952381
2014-02-18,0.2665384615384615,29.83653846153846
2014-02-19,0.0005454545454545455,34.1
2014-02-20,0.4242201834862387,41.30275229357798
2014-02-21,0.3045454545454546,30.927272727272726
2014-02-22,0.0010185185185185184,29.25
2014-02-23,0.015714285714285715,21.590476190476192
2014-02-24,0.001308411214953271,18.598130841121495
2014-02-25,0.006818181818181821,16.1
2014-02-26,0.00028037383177570094,6.355140186915888
2014-02-27,9.174311926605505e-05,9.559633027522937
2014-02-28,0.00027272727272727274,14.627272727272727
2014-03-01,0.021809523809523803,26.104761904761904
2014-03-02,0.18115384615384617,9.471153846153847
2014-03-03,0.06647619047619047,2.2
2014-03-04,0.016972477064220188,15.137614678899082
2014-03-05,0.03177570093457944,21.906542056074766
2014-03-06,0.026509433962264146,19.943396226415093
2014-03-07,0.0002752293577981651,28.376146788990827
2014-03-08,0.013495145631067967,32.36893203883495
2014-03-09,0.0019047619047619045,28.142857142857142
2014-03-10,0.00018691588785046728,41.728971962616825
2014-03-11,0.015833333333333335,41.379629629629626
2014-03-12,0.4461682242990655,30.990654205607477
2014-03-13,0.009724770642201837,25.110091743119266
2014-03-14,0.0,42.68518518518518
2014-03-15,0.000462962962962963,34.675925925925924
2014-03-16,0.021904761904761906,26.285714285714285
2014-03-17,0.041509433962264156,22.254716981132077
2014-03-18,0.002477064220183486,34.522935779816514
2014-03-19,0.11735849056603778,41.660377358490564
2014-03-20,0.012500000000000004,33.76851851851852
2014-03-21,0.001559633027522936,40.091743119266056
2014-03-22,0.0,35.19444444444444
2014-03-23,0.0,24.580952380952382
2014-03-24,0.00018867924528301886,24.264150943396228
2014-03-25,0.019266055045871564,24.71559633027523
2014-03-26,9.259259259259259e-05,22.314814814814813
2014-03-27,0.13990384615384613,40.33653846153846
2014-03-28,0.2236448598130841,39.822429906542055
2014-03-29,0.0759813084112149,35.60747663551402
2014-03-30,0.0010476190476190477,34.08571428571429
2014-03-31,0.005283018867924529,46.613207547169814
2014-04-01,0.008545454545454549,39.836363636363636
2014-04-02,0.21108108108108115,41.31531531531532
2014-04-03,0.9550909090909093,48.50909090909091
2014-04-04,0.7510091743119264,42.981651376146786
2014-04-05,0.0022935779816513767,36.24770642201835
2014-04-06,9.345794392523364e-05,38.58878504672897
2014-04-07,0.05189189189189188,42.86486486486486
2014-04-08,0.13027027027027022,44.387387387387385
2014-04-09,0.017142857142857144,41.5625
2014-04-10,0.0005405405405405405,53.531531531531535
2014-04-11,0.03081818181818181,46.60909090909091
2014-04-12,0.004495412844036697,57.8348623853211
2014-04-13,0.11439252336448598,61.26168224299065
2014-04-14,0.5721296296296298,42.27777777777778
2014-04-15,0.09645454545454542,29.754545454545454
2014-04-16,0.0,36.30909090909091
2014-04-17,0.0,44.22522522522522
2014-04-18,9.090909090909092e-05,44.263636363636365
2014-04-19,0.0,46.03669724770642
2014-04-20,0.0,54.99065420560748
2014-04-21,0.029444444444444443,59.175925925925924
2014-04-22,0.0797297297297297,49.65765765765766
2014-04-23,0.004107142857142857,42.473214285714285
2014-04-24,0.039999999999999994,51.3
2014-04-25,0.35409090909090907,51.42727272727273
2014-04-26,0.002169811320754717,53.81132075471698
2014-04-27,0.07358490566037731,53.83018867924528
2014-04-28,1.0556074766355144,55.177570093457945
2014-04-29,0.3682882882882884,52.32432432432432
2014-04-30,0.07091743119266052,45.3394495412844
2014-05-01,0.024814814814814807,44.18518518518518
2014-05-02,0.02126126126126127,46.67567567567568
2014-05-03,0.0060185185185185185,52.23148148148148
2014-05-04,0.0019626168224299067,52.57943925233645
2014-05-05,0.005137614678899084,52.36697247706422
2014-05-06,0.0,54.35454545454545
2014-05-07,0.0005357142857142857,63.6875
2014-05-08,0.01672727272727273,69.44545454545455
2014-05-09,0.39866071428571415,64.07142857142857
2014-05-10,0.08778846153846148,58.81730769230769
2014-05-11,0.29098039215686283,64.59803921568627
2014-05-12,0.27632075471698114,70.48113207547169
2014-05-13,0.6581818181818183,58.59090909090909
2014-05-14,0.17790909090909088,48.336363636363636
2014-05-15,0.4210000000000001,46.27272727272727
2014-05-16,0.24306306306306297,42.333333333333336
2014-05-17,0.0734579439252336,43.64485981308411
2014-05-18,0.0002752293577981651,48.76146788990825
2014-05-19,0.01100917431192661,55.38532110091743
2014-05-20,0.022407407407407407,66.6574074074074
2014-05-21,0.11890909090909091,69.08181818181818
2014-05-22,0.056999999999999995,62.154545454545456
2014-05-23,0.009326923076923078,59.00961538461539
2014-05-24,0.0,58.4622641509434
2014-05-25,0.011354166666666667,64.35416666666667
2014-05-26,0.03685714285714285,67.94285714285714
2014-05-27,0.138348623853211,68.59633027522936
2014-05-28,0.13999999999999993,66.23853211009174
2014-05-29,0.08293577981651377,64.95412844036697
2014-05-30,0.04063636363636362,66.9090909090909
2014-05-31,0.037102803738317744,68.49532710280374
2014-06-01,0.07999999999999999,70.76190476190476
2014-06-02,0.18444444444444438,72.91666666666667
2014-06-03,0.14727272727272728,70.63636363636364
2014-06-04,0.7257798165137613,65.88073394495413
2014-06-05,0.21200000000000002,61.21818181818182
2014-06-06,0.0010185185185185184,63.361111111111114
2014-06-07,0.06313725490196079,65.62745098039215
2014-06-08,0.6325242718446601,62.57281553398058
2014-06-09,0.008317757009345795,61.12149532710281
2014-06-10,0.4679816513761467,62.825688073394495
2014-06-11,0.7347222222222222,62.870370370370374
2014-06-12,0.03579439252336447,64.18691588785046
2014-06-13,0.06935185185185183,58.916666666666664
2014-06-14,9.174311926605505e-05,59.60550458715596
2014-06-15,0.00018691588785046728,66.81308411214954
2014-06-16,0.028490566037735844,71.83962264150944
2014-06-17,0.17435185185185187,74.95370370370371
2014-06-18,0.047207207207207204,75.30630630630631
2014-06-19,0.3474074074074074,71.80555555555556
2014-06-20,0.5876851851851854,72.3425925925926
2014-06-21,0.07990566037735848,70.0754716981132
2014-06-22,0.27714285714285714,69.88571428571429
2014-06-23,0.3024761904761907,70.27619047619048
2014-06-24,0.5414953271028039,70.85981308411215
2014-06-25,0.11287037037037037,69.43518518518519
2014-06-26,0.05657657657657657,68.22522522522523
2014-06-27,0.053805309734513265,70.929203539823
2014-06-28,0.07132075471698111,73.85849056603773
2014-06-29,0.2220560747663552,71.95327102803738
2014-06-30,0.5427358490566039,73.49056603773585
2014-07-01,0.907657657657658,70.64864864864865
2014-07-02,0.09630630630630627,64.32432432432432
2014-07-03,0.05315315315315315,60.369369369369366
2014-07-04,0.0004716981132075472,61.85849056603774
2014-07-05,0.0056603773584905665,64.06603773584905
2014-07-06,0.08701923076923077,69.78846153846153
2014-07-07,0.10055555555555552,73.46296296296296
2014-07-08,0.2774774774774776,69.94594594594595
2014-07-09,0.0035135135135135136,66.15315315315316
2014-07-10,0.0,63.81651376146789
2014-07-11,9.174311926605505e-05,66.0091743119266
2014-07-12,0.37045871559633037,73.8256880733945
2014-07-13,0.6830188679245284,71.85849056603773
2014-07-14,0.29261682242990655,68.24299065420561
2014-07-15,0.10897196261682243,57.88785046728972
2014-07-16,0.013518518518518518,58.25
2014-07-17,0.0,60.35454545454545
2014-07-18,0.0,62.31818181818182
2014-07-19,9.433962264150943e-05,62.27358490566038
2014-07-20,0.0,64.38679245283019
2014-07-21,0.0,66.89189189189189
2014-07-22,0.0041818181818181815,71.07272727272728
2014-07-23,0.1072972972972973,68.4054054054054
2014-07-24,0.03870370370370371,60.00925925925926
2014-07-25,0.03318181818181818,61.59090909090909
2014-07-26,0.18601851851851847,70.0
2014-07-27,0.1075700934579439,73.11214953271028
2014-07-28,0.0042307692307692315,61.85576923076923
2014-07-29,0.0012962962962962963,59.361111111111114
2014-07-30,0.027454545454545454,61.85454545454545
2014-07-31,0.0005607476635514019,62.757009345794394
2014-08-01,0.06311926605504586,64.54128440366972
2014-08-02,0.2095370370370371,63.73148148148148
2014-08-03,0.0014678899082568805,65.98165137614679
2014-08-04,0.044909090909090905,66.6
2014-08-05,0.3575675675675677,67.67567567567568
2014-08-06,0.02609090909090909,66.7090909090909
2014-08-07,0.1614953271028037,66.42056074766356
2014-08-08,0.5477981651376148,67.23853211009174
2014-08-09,0.09724770642201831,67.25688073394495
2014-08-10,0.03694444444444444,69.05555555555556
2014-08-11,0.2989814814814814,69.12037037037037
2014-08-12,0.07481818181818181,63.154545454545456
2014-08-13,0.004285714285714287,60.75892857142857
2014-08-14,0.0038181818181818187,62.472727272727276
2014-08-15,0.0029090909090909093,60.21818181818182
2014-08-16,0.04898148148148146,67.10185185185185
2014-08-17,0.5432110091743121,68.45871559633028
2014-08-18,0.05563636363636362,67.85454545454546
2014-08-19,0.04821428571428571,70.875
2014-08-20,0.09733944954128436,68.6697247706422
2014-08-21,0.2942342342342342,73.61261261261261
2014-08-22,0.5932142857142857,75.41964285714286
2014-08-23,0.23971962616822431,75.32710280373831
2014-08-24,0.34904761904761894,73.96190476190476
2014-08-25,0.023962264150943397,76.40566037735849
2014-08-26,0.20801801801801803,73.11711711711712
2014-08-27,0.07890909090909089,70.38181818181818
2014-08-28,0.09745454545454543,68.81818181818181
2014-08-29,0.34178571428571425,72.08928571428571
2014-08-30,0.16872727272727278,71.68181818181819
2014-08-31,0.07981132075471697,70.83962264150944
2014-09-01,0.04953703703703702,72.36111111111111
2014-09-02,0.5294444444444446,68.23148148148148
2014-09-03,0.028839285714285713,65.52678571428571
2014-09-04,0.2033035714285714,71.6875
2014-09-05,0.13690265486725664,74.22123893805309
2014-09-06,0.3720720720720722,60.630630630630634
2014-09-07,0.0012612612612612612,57.666666666666664
2014-09-08,0.00027272727272727274,58.127272727272725
2014-09-09,0.22437500000000002,64.02678571428571
2014-09-10,1.4379629629629629,70.06481481481481
2014-09-11,0.592962962962963,53.73148148148148
2014-09-12,0.010272727272727274,50.7
2014-09-13,0.049459459459459454,44.2972972972973
2014-09-14,0.0003669724770642202,46.862385321100916
2014-09-15,0.10232142857142856,54.357142857142854
2014-09-16,0.2554464285714286,49.375
2014-09-17,0.002946428571428572,49.339285714285715
2014-09-18,0.01160714285714286,53.392857142857146
2014-09-19,0.0002654867256637168,54.49557522123894
2014-09-20,0.0245045045045045,63.072072072072075
2014-09-21,0.17275229357798166,59.75229357798165
2014-09-22,0.004128440366972477,49.39449541284404
2014-09-23,0.0,49.99107142857143
2014-09-24,0.0,53.73684210526316
2014-09-25,0.00017699115044247788,57.43362831858407
2014-09-26,0.0,58.375
2014-09-27,0.0,60.080357142857146
2014-09-28,0.0,58.88181818181818
2014-09-29,0.0,58.531531531531535
2014-09-30,0.0002752293577981651,55.34862385321101
2014-10-01,0.0047321428571428575,55.857142857142854
2014-10-02,0.6390909090909092,64.65454545454546
2014-10-03,1.324684684684685,55.027027027027025
2014-10-04,0.05622641509433959,39.70754716981132
2014-10-05,0.009142857142857145,44.34285714285714
2014-10-06,0.03374999999999999,51.13461538461539
2014-10-07,0.08926605504587157,53.74311926605505
2014-10-08,0.0371559633027523,47.89908256880734
2014-10-09,0.105,51.93636363636364
2014-10-10,0.10509090909090907,47.11818181818182
2014-10-11,0.08833333333333332,42.49074074074074
2014-10-12,0.013457943925233648,46.38317757009346
2014-10-13,0.2605714285714287,60.285714285714285
2014-10-14,0.7684545454545451,57.472727272727276
2014-10-15,0.37272727272727274,51.42727272727273
2014-10-16,0.05027777777777776,51.21296296296296
2014-10-17,0.002752293577981652,51.4954128440367
2014-10-18,0.004363636363636364,46.82727272727273
2014-10-19,0.001818181818181818,41.93636363636364
2014-10-20,0.0028181818181818186,50.49090909090909
2014-10-21,0.0,44.10526315789474
2014-10-22,8.928571428571429e-05,39.00892857142857
2014-10-23,0.0024778761061946906,41.68141592920354
2014-10-24,0.02482142857142857,50.94642857142857
2014-10-25,0.0007207207207207207,56.072072072072075
2014-10-26,0.0,47.763636363636365
2014-10-27,0.0036936936936936933,62.32432432432432
2014-10-28,0.23796460176991152,53.89380530973451
2014-10-29,0.02223214285714285,41.607142857142854
2014-10-30,0.005636363636363636,37.054545454545455
2014-10-31,0.02657657657657656,38.612612612612615
2014-11-01,0.0034513274336283187,30.68141592920354
2014-11-02,0.0,34.13636363636363
2014-11-03,0.0054128440366972485,47.53211009174312
2014-11-04,0.14071428571428565,49.74107142857143
2014-11-05,0.16035714285714292,40.544642857142854
2014-11-06,0.03053571428571428,42.776785714285715
2014-11-07,0.0008035714285714286,31.776785714285715
2014-11-08,0.00864864864864865,42.34234234234234
2014-11-09,9.259259259259259e-05,37.148148148148145
2014-11-10,0.0022727272727272726,46.00909090909091
2014-11-11,0.04212389380530972,40.283185840707965
2014-11-12,0.06178571428571428,26.357142857142858
2014-11-13,0.0026315789473684214,23.04385964912281
2014-11-14,0.001711711711711712,19.08108108108108
2014-11-15,0.0029090909090909093,20.145454545454545
2014-11-16,0.05379629629629628,26.62962962962963
2014-11-17,0.05163636363636362,15.0
2014-11-18,0.004821428571428572,12.008928571428571
2014-11-19,0.0012389380530973453,25.902654867256636
2014-11-20,0.0007079646017699115,18.97345132743363
2014-11-21,0.00125,18.035714285714285
2014-11-22,0.07462264150943392,43.20754716981132
2014-11-23,0.17084905660377356,49.25471698113208
2014-11-24,0.8811818181818184,36.72727272727273
2014-11-25,0.08181818181818182,24.081818181818182
2014-11-26,0.0081981981981982,23.62162162162162
2014-11-27,0.06257142857142856,23.142857142857142
2014-11-28,0.0021359223300970874,23.097087378640776
2014-11-29,0.006666666666666667,40.629629629629626
2014-11-30,0.0024074074074074076,44.73148148148148
2014-12-01,0.0480373831775701,21.485981308411215
2014-12-02,0.008272727272727274,22.472727272727273
2014-12-03,0.0016363636363636365,27.254545454545454
2014-12-04,0.015046728971962619,29.11214953271028
2014-12-05,0.1884761904761904,35.8
2014-12-06,0.41932692307692315,34.21153846153846
2014-12-07,0.0005882352941176471,29.07843137254902
2014-12-08,0.04644230769230769,34.25961538461539
2014-12-09,0.040183486238532115,32.00917431192661
2014-12-10,0.0013636363636363635,31.327272727272728
2014-12-11,0.0,27.34259259259259
2014-12-12,9.259259259259259e-05,30.24074074074074
2014-12-13,0.0003846153846153846,38.27884615384615
2014-12-14,0.0008737864077669903,44.96116504854369
2014-12-15,0.052621359223300954,45.47572815533981
2014-12-16,0.20161904761904761,37.72380952380952
2014-12-17,0.0031730769230769226,24.46153846153846
2014-12-18,0.0038317757009345794,23.242990654205606
2014-12-19,0.00962962962962963,24.694444444444443
2014-12-20,9.259259259259259e-05,29.953703703703702
2014-12-21,0.000970873786407767,33.22330097087379
2014-12-22,0.06435185185185183,36.833333333333336
2014-12-23,0.4210909090909088,41.663636363636364
2014-12-24,0.06552380952380953,36.44761904761905
2014-12-25,0.043431372549019596,35.470588235294116
2014-12-26,9.523809523809524e-05,39.923809523809524
2014-12-27,0.04769230769230769,41.84615384615385
2014-12-28,0.08099009900990096,25.435643564356436
2014-12-29,0.0044761904761904765,23.02857142857143
2014-12-30,0.000462962962962963,15.842592592592593
2014-12-31,0.0,9.59433962264151
2015-01-01,0.0,20.18867924528302
2015-01-02,0.006603773584905662,25.32075471698113
2015-01-03,0.34762376237623777,33.91089108910891
2015-01-04,0.34940000000000004,24.89
2015-01-05,0.04235849056603772,5.311320754716981
2015-01-06,0.14342342342342337,10.63063063063063
2015-01-07,0.0024107142857142864,1.8482142857142858
2015-01-08,0.0035135135135135136,1.5675675675675675
2015-01-09,0.01747747747747748,6.306306306306307
2015-01-10,0.0,6.320388349514563
2015-01-11,0.03245098039215687,26.372549019607842
2015-01-12,0.25186915887850464,22.560747663551403
2015-01-13,0.0023214285714285715,9.767857142857142
2015-01-14,9.009009009009009e-05,8.954954954954955
2015-01-15,0.0007964601769911504,20.690265486725664
2015-01-16,0.0,23.831858407079647
2015-01-17,0.0010377358490566038,36.4622641509434
2015-01-18,0.0016822429906542058,33.73831775700935
2015-01-19,0.0012037037037037038,28.037037037037038
2015-01-20,0.01090909090909091,32.07272727272727
2015-01-21,0.017927927927927932,32.270270270270274
2015-01-22,0.00834862385321101,30.458715596330276
2015-01-23,9.090909090909092e-05,29.636363636363637
2015-01-24,0.0007766990291262136,30.815533980582526
2015-01-25,0.05980582524271843,33.601941747572816
2015-01-26,0.08980582524271838,22.980582524271846
2015-01-27,0.03333333333333333,29.396396396396398
2015-01-28,0.001090909090909091,26.39090909090909
2015-01-29,0.0025,36.31481481481482
2015-01-30,0.0001834862385321101,23.293577981651374
2015-01-31,0.01596153846153846,27.884615384615383
2015-02-01,0.5732323232323232,29.95959595959596
2015-02-02,0.24186274509803923,10.784313725490197
2015-02-03,0.0025,19.22222222222222
2015-02-04,0.02648648648648649,23.01801801801802
2015-02-05,0.058532110091743104,2.2660550458715596
2015-02-06,0.0,20.74074074074074
2015-02-07,0.0,33.4392523364486
2015-02-08,0.0,39.14423076923077
2015-02-09,0.0003669724770642202,26.412844036697248
2015-02-10,0.0001834862385321101,23.40366972477064
2015-02-11,0.0,29.71559633027523
2015-02-12,0.0014414414414414412,11.783783783783784
2015-02-13,8.849557522123894e-05,14.610619469026549
2015-02-14,0.002336448598130841,21.19626168224299
2015-02-15,0.0032673267326732676,6.138613861386139
2015-02-16,0.08264150943396224,11.39622641509434
2015-02-17,0.030454545454545453,14.354545454545455
2015-02-18,0.03441441441441441,5.153153153153153
2015-02-19,0.0010619469026548671,-2.938053097345133
2015-02-20,0.012792792792792792,9.0
2015-02-21,0.22669902912621365,24.21359223300971
2015-02-22,0.0064,15.52
2015-02-23,0.02457142857142857,0.05714285714285714
2015-02-24,0.007433628318584071,10.663716814159292
2015-02-25,0.013928571428571427,17.321428571428573
2015-02-26,0.11081081081081079,14.693693693693694
2015-02-27,0.003703703703703704,-1.5185185185185186
2015-02-28,0.015046728971962619,7.710280373831775
2015-03-01,0.24058252427184465,20.59223300970874
2015-03-02,0.026635514018691582,16.233644859813083
2015-03-03,0.10499999999999994,30.01818181818182
2015-03-04,0.17138888888888887,17.296296296296298
2015-03-05,0.05801801801801802,7.036036036036036
2015-03-06,0.0016964285714285714,10.383928571428571
2015-03-07,0.0,33.54128440366973
2015-03-08,9.70873786407767e-05,31.310679611650485
2015-03-09,9.345794392523364e-05,31.33644859813084
2015-03-10,0.08925925925925926,38.46296296296296
2015-03-11,0.06209090909090908,37.5
2015-03-12,9.174311926605505e-05,37.31192660550459
2015-03-13,0.17743119266055046,42.330275229357795
2015-03-14,0.2781308411214953,45.149532710280376
2015-03-15,0.002403846153846154,39.29807692307692
2015-03-16,0.0,50.43119266055046
2015-03-17,0.0,41.425925925925924
2015-03-18,0.0,33.7962962962963
2015-03-19,0.0194392523364486,38.074766355140184
2015-03-20,0.04962616822429904,38.953271028037385
2015-03-21,9.615384615384615e-05,40.63461538461539
2015-03-22,0.0,37.00961538461539
2015-03-23,0.06990476190476187,33.43809523809524
2015-03-24,0.08090909090909087,30.572727272727274
2015-03-25,0.34481818181818197,41.09090909090909
2015-03-26,0.3140909090909091,35.018181818181816
2015-03-27,0.009722222222222222,28.35185185185185
2015-03-28,0.00030303030303030303,24.707070707070706
2015-03-29,0.011919191919191923,34.42424242424242
2015-03-30,0.026826923076923075,41.55769230769231
2015-03-31,9.433962264150943e-05,47.198113207547166
2015-04-01,0.0,47.15596330275229
2015-04-02,0.14807339449541282,56.96330275229358
2015-04-03,0.28584905660377363,48.24528301886792
2015-04-04,0.06764150943396227,35.41509433962264
2015-04-05,9.70873786407767e-05,44.699029126213595
2015-04-06,0.007358490566037736,50.160377358490564
2015-04-07,0.09859813084112146,51.6822429906542
2015-04-08,0.1752727272727273,55.28181818181818
2015-04-09,0.38880733944954116,59.944954128440365
2015-04-10,0.3489908256880733,43.908256880733944
2015-04-11,0.001308411214953271,41.61682242990654
2015-04-12,0.0023809523809523807,50.94285714285714
2015-04-13,0.16366972477064212,57.5045871559633
2015-04-14,0.10900900900900899,48.666666666666664
2015-04-15,0.00390909090909091,50.263636363636365
2015-04-16,0.041028037383177555,53.89719626168224
2015-04-17,0.00045871559633027525,55.79816513761468
2015-04-18,0.004705882352941176,58.86274509803921
2015-04-19,0.1459,56.69
2015-04-20,0.437904761904762,48.00952380952381
2015-04-21,0.012897196261682247,43.18691588785047
2015-04-22,0.016203703703703706,39.52777777777778
2015-04-23,0.0,38.351851851851855
2015-04-24,0.019345794392523364,43.02803738317757
2015-04-25,0.29000000000000015,47.35576923076923
2015-04-26,0.345242718446602,43.09708737864078
2015-04-27,0.00039603960396039607,42.59405940594059
2015-04-28,0.0,44.33644859813084
2015-04-29,0.0,47.2037037037037
2015-04-30,0.011333333333333338,46.10476190476191
2015-05-01,9.433962264150943e-05,44.79245283018868
2015-05-02,9.345794392523364e-05,54.598130841121495
2015-05-03,0.030188679245283016,61.77358490566038
2015-05-04,0.24825688073394495,62.972477064220186
2015-05-05,0.5195454545454544,61.32727272727273
2015-05-06,0.021467889908256883,61.31192660550459
2015-05-07,0.01743119266055046,65.63302752293578
2015-05-08,0.23453703703703704,65.54629629629629
2015-05-09,0.5484761904761903,62.40952380952381
2015-05-10,0.2413592233009708,60.300970873786405
2015-05-11,0.4487619047619048,62.32380952380952
2015-05-12,0.17361111111111108,50.05555555555556
2015-05-13,0.0025,48.111111111111114
2015-05-14,0.02596330275229358,53.981651376146786
2015-05-15,0.23926605504587165,63.31192660550459
2015-05-16,0.18740384615384614,66.53846153846153
2015-05-17,0.12786407766990285,69.39805825242719
2015-05-18,0.05153846153846152,65.50961538461539
2015-05-19,0.032222222222222215,47.96296296296296
2015-05-20,0.02990825688073395,46.53211009174312
2015-05-21,0.11633027522935777,47.174311926605505
2015-05-22,0.0011214953271028037,54.28971962616822
2015-05-23,0.004356435643564357,60.87128712871287
2015-05-24,0.0683653846153846,65.25961538461539
2015-05-25,0.4117307692307691,68.57692307692308
2015-05-26,0.13373831775700934,68.81308411214954
2015-05-27,0.3898165137614679,65.8256880733945
2015-05-28,0.033831775700934576,64.85981308411215
2015-05-29,0.08037735849056606,69.0754716981132
2015-05-30,0.563883495145631,64.94174757281553
2015-05-31,0.5119607843137254,50.30392156862745
2015-06-01,0.003333333333333334,53.11764705882353
2015-06-02,0.0002777777777777778,54.93518518518518
2015-06-03,0.01787037037037037,59.611111111111114
2015-06-04,0.0011111111111111111,64.93518518518519
2015-06-05,0.007407407407407408,66.10185185185185
2015-06-06,0.0440952380952381,61.2
2015-06-07,0.18362745098039215,69.1470588235294
2015-06-08,1.3021568627450977,68.00980392156863
2015-06-09,0.10238095238095236,67.18095238095238
2015-06-10,0.031132075471698106,73.69811320754717
2015-06-11,0.2680373831775701,70.81308411214954
2015-06-12,0.5881481481481482,69.87037037037037
2015-06-13,0.33563106796116493,69.8252427184466
2015-06-14,0.6719230769230774,72.36538461538461
2015-06-15,0.41548076923076943,72.70192307692308
2015-06-16,0.8251851851851852,68.55555555555556
2015-06-17,0.40165137614678875,65.40366972477064
2015-06-18,0.21327102803738324,70.8411214953271
2015-06-19,0.5004629629629632,64.53703703703704
2015-06-20,0.46107843137254906,66.36274509803921
2015-06-21,0.493627450980392,69.87254901960785
2015-06-22,0.10893203883495142,74.4368932038835
2015-06-23,0.24745283018867922,70.75471698113208
2015-06-24,0.06028301886792452,67.25471698113208
2015-06-25,0.7428301886792456,69.81132075471699
2015-06-26,0.277196261682243,66.7196261682243
2015-06-27,0.3518627450980393,63.57843137254902
2015-06-28,0.05909999999999999,63.88
2015-06-29,0.3582524271844661,66.3495145631068
2015-06-30,0.1663207547169811,66.33018867924528
2015-07-01,0.026759259259259264,65.10185185185185
2015-07-02,0.23185185185185184,61.28703703703704
2015-07-03,0.02358490566037736,63.58490566037736
2015-07-04,0.016226415094339624,64.16037735849056
2015-07-05,0.0,66.9047619047619
2015-07-06,0.10537037037037036,70.9074074074074
2015-07-07,0.7876146788990827,66.1559633027523
2015-07-08,0.25203703703703706,59.28703703703704
2015-07-09,0.6248623853211006,62.65137614678899
2015-07-10,0.13453703703703704,64.62962962962963
2015-07-11,0.15300970873786407,68.24271844660194
2015-07-12,0.46786407766990273,72.45631067961165
2015-07-13,0.12903846153846155,75.75961538461539
2015-07-14,0.1998130841121495,74.08411214953271
2015-07-15,0.0,64.99074074074075
2015-07-16,0.10280373831775697,68.10280373831776
2015-07-17,0.4886111111111112,76.41666666666667
2015-07-18,0.048252427184466026,78.62135922330097
2015-07-19,0.22176470588235295,74.82352941176471
2015-07-20,0.15432692307692308,70.41346153846153
2015-07-21,0.13403669724770642,68.20183486238533
2015-07-22,0.0,65.52830188679245
2015-07-23,0.015140186915887852,68.10280373831776
2015-07-24,0.0,68.30275229357798
2015-07-25,0.012952380952380953,73.44761904761904
2015-07-26,0.15598039215686277,72.57843137254902
2015-07-27,0.17105769230769236,72.25
2015-07-28,0.085045871559633,73.95412844036697
2015-07-29,0.23055045871559635,74.5045871559633
2015-07-30,0.004166666666666667,68.24074074074075
2015-07-31,0.0,70.0
2015-08-01,0.007572815533980583,67.85436893203884
2015-08-02,0.012884615384615385,71.75
2015-08-03,0.05904761904761903,70.85714285714286
2015-08-04,0.0549074074074074,66.28703703703704
2015-08-05,0.06304761904761906,66.51428571428572
2015-08-06,0.3933653846153847,67.24038461538461
2015-08-07,0.03247619047619047,65.83809523809524
2015-08-08,0.005922330097087379,69.88349514563107
2015-08-09,0.2399029126213593,70.83495145631068
2015-08-10,0.32077669902912626,71.54368932038835
2015-08-11,0.10018518518518518,67.67592592592592
2015-08-12,0.0,64.58878504672897
2015-08-13,0.0,65.81651376146789
2015-08-14,0.00485981308411215,69.67289719626169
2015-08-15,0.06442307692307692,70.125
2015-08-16,0.016730769230769233,72.09615384615384
2015-08-17,0.028446601941747574,71.02912621359224
2015-08-18,0.4814953271028037,69.72897196261682
2015-08-19,0.7102752293577983,65.92660550458716
2015-08-20,0.019357798165137614,59.5045871559633
2015-08-21,0.004166666666666667,61.074074074074076
2015-08-22,0.00625,63.38461538461539
2015-08-23,0.07314285714285713,66.77142857142857
2015-08-24,0.007904761904761906,56.97142857142857
2015-08-25,0.0,57.129629629629626
2015-08-26,0.0,57.788990825688074
2015-08-27,0.0,56.55555555555556
2015-08-28,0.005904761904761905,60.93333333333333
2015-08-29,0.23259615384615387,66.66346153846153
2015-08-30,0.07933333333333331,67.47619047619048
2015-08-31,0.016923076923076923,67.91346153846153
2015-09-01,0.06704761904761904,72.28571428571429
2015-09-02,0.05673076923076924,71.41346153846153
2015-09-03,0.0011428571428571427,72.20952380952382
2015-09-04,0.0040384615384615385,71.74038461538461
2015-09-05,0.08589999999999998,72.56
2015-09-06,0.006800000000000001,73.26
2015-09-07,0.03589999999999999,73.7
2015-09-08,0.16594059405940595,72.27722772277228
2015-09-09,0.7615238095238095,67.26666666666667
2015-09-10,0.10188679245283021,63.20754716981132
2015-09-11,0.4246728971962617,60.3177570093458
2015-09-12,0.08914285714285711,52.542857142857144
2015-09-13,0.0206930693069307,50.67326732673267
2015-09-14,0.0001923076923076923,58.00961538461539
2015-09-15,0.00018518518518518518,61.93518518518518
2015-09-16,0.0,61.80952380952381
2015-09-17,0.019904761904761904,66.64761904761905
2015-09-18,0.5366355140186917,69.64485981308411
2015-09-19,0.9036893203883493,60.28155339805825
2015-09-20,0.003564356435643565,53.97029702970297
2015-09-21,0.0,53.336633663366335
2015-09-22,0.0,55.924528301886795
2015-09-23,0.0,58.5
2015-09-24,0.0,59.61165048543689
2015-09-25,0.0,59.60576923076923
2015-09-26,0.0004901960784313725,60.28431372549019
2015-09-27,0.0015841584158415843,64.34653465346534
2015-09-28,0.005686274509803922,65.36274509803921
2015-09-29,0.21168224299065425,63.495327102803735
2015-09-30,0.16323809523809527,52.0
2015-10-01,0.0,48.372549019607845
2015-10-02,0.0010679611650485437,48.20388349514563
2015-10-03,0.00627450980392157,48.127450980392155
2015-10-04,0.0038613861386138613,52.08910891089109
2015-10-05,0.0003883495145631068,56.05825242718446
2015-10-06,0.0010476190476190477,58.36190476190476
2015-10-07,0.0002830188679245283,57.56603773584906
2015-10-08,0.0014150943396226414,57.25471698113208
2015-10-09,0.035288461538461526,56.30769230769231
2015-10-10,0.0025252525252525255,45.484848484848484
2015-10-11,0.0006122448979591836,53.214285714285715
2015-10-12,0.00029126213592233006,61.029126213592235
2015-10-13,0.0010476190476190477,51.51428571428571
2015-10-14,0.0,44.61904761904762
2015-10-15,0.0,48.386792452830186
2015-10-16,9.433962264150943e-05,42.35849056603774
2015-10-17,0.0,34.95145631067961
2015-10-18,0.0,36.411764705882355
2015-10-19,0.0,49.1764705882353
2015-10-20,0.01847619047619048,54.87619047619047
2015-10-21,0.09495238095238093,58.84761904761905
2015-10-22,0.0012745098039215687,56.490196078431374
2015-10-23,0.01752380952380952,56.01904761904762
2015-10-24,0.19019607843137254,61.18627450980392
2015-10-25,0.03735294117647058,43.59803921568628
2015-10-26,0.0059405940594059415,43.45544554455446
2015-10-27,0.15745283018867928,50.509433962264154
2015-10-28,0.7958653846153841,53.01923076923077
2015-10-29,0.04148514851485148,38.663366336633665
2015-10-30,0.003846153846153846,38.74038461538461
2015-10-31,0.1790999999999999,47.72
2015-11-01,0.3019,47.74
2015-11-02,0.0007843137254901959,49.31372549019608
2015-11-03,0.002336448598130841,49.87850467289719
2015-11-04,0.004090909090909091,55.19090909090909
2015-11-05,0.023211009174311924,60.3394495412844
2015-11-06,0.3788073394495414,47.22018348623853
2015-11-07,9.523809523809524e-05,38.542857142857144
2015-11-08,0.0,34.0
2015-11-09,0.0,33.85454545454545
2015-11-10,0.0,34.820754716981135
2015-11-11,0.03900000000000001,48.127272727272725
2015-11-12,0.33962962962962967,45.101851851851855
2015-11-13,0.007363636363636365,37.00909090909091
2015-11-14,0.0,36.570093457943926
2015-11-15,0.0,44.98095238095238
2015-11-16,0.04084112149532711,49.13084112149533
2015-11-17,0.8897222222222219,53.80555555555556
2015-11-18,1.3504587155963304,55.788990825688074
2015-11-19,0.017500000000000005,41.138888888888886
2015-11-20,0.007692307692307693,32.59615384615385
2015-11-21,0.3704081632653062,32.3469387755102
2015-11-22,0.19106382978723405,17.861702127659573
2015-11-23,0.000196078431372549,29.264705882352942
2015-11-24,0.0,31.77358490566038
2015-11-25,0.01972222222222222,42.879629629629626
2015-11-26,0.10432692307692307,53.875
2015-11-27,0.8047524752475248,44.336633663366335
2015-11-28,0.4824242424242425,34.95959595959596
2015-11-29,0.042929292929292914,33.94949494949495
2015-11-30,0.12454545454545457,38.55555555555556
2015-12-01,0.2310280373831776,37.532710280373834
2015-12-02,0.0483962264150943,33.10377358490566
2015-12-03,0.023148148148148143,31.462962962962962
2015-12-04,0.0006603773584905661,29.858490566037737
2015-12-05,0.00039603960396039607,30.366336633663366
2015-12-06,0.0027722772277227726,33.9009900990099
2015-12-07,0.010092592592592594,35.101851851851855
2015-12-08,0.00027272727272727274,38.45454545454545
2015-12-09,0.0,40.91818181818182
2015-12-10,0.0,46.50925925925926
2015-12-11,0.0011111111111111111,42.833333333333336
2015-12-12,0.003921568627450981,54.490196078431374
2015-12-13,0.15135922330097085,60.116504854368934
2015-12-14,0.9356190476190474,49.095238095238095
2015-12-15,0.08037037037037037,39.72222222222222
2015-12-16,0.04272727272727271,43.29090909090909
2015-12-17,0.009082568807339453,30.844036697247706
2015-12-18,0.0007476635514018691,26.242990654205606
2015-12-19,0.0004807692307692308,21.73076923076923
2015-12-20,0.004230769230769231,38.04807692307692
2015-12-21,0.42691588785046736,46.504672897196265
2015-12-22,0.11999999999999997,38.72727272727273
2015-12-23,0.20472222222222222,52.22222222222222
2015-12-24,0.5776923076923077,36.14423076923077
2015-12-25,0.0014705882352941178,36.86274509803921
2015-12-26,0.24262626262626263,42.23232323232323
2015-12-27,1.3986138613861379,38.366336633663366
2015-12-28,1.0756000000000001,35.86
2015-12-29,1.0773831775700935,31.037383177570092
2015-12-30,0.014190476190476194,28.904761904761905
2015-12-31,0.006481481481481483,26.953703703703702
2016-01-01,0.0,25.2020202020202
2016-01-02,0.0,24.67676767676768
2016-01-03,0.0,25.5
2016-01-04,0.0,24.914285714285715
2016-01-05,9.259259259259259e-05,21.824074074074073
2016-01-06,9.259259259259259e-05,26.98148148148148
2016-01-07,0.005094339622641511,35.698113207547166
2016-01-08,0.10424528301886789,41.367924528301884
2016-01-09,0.14867346938775503,34.16326530612245
2016-01-10,0.2717171717171717,7.878787878787879
2016-01-11,0.007745098039215688,13.127450980392156
2016-01-12,0.025825242718446596,14.990291262135923
2016-01-13,0.0008411214953271028,12.850467289719626
2016-01-14,0.0005555555555555556,33.425925925925924
2016-01-15,0.01724770642201835,37.24770642201835
2016-01-16,0.03485148514851484,23.03960396039604
2016-01-17,0.004803921568627452,6.401960784313726
2016-01-18,0.0005714285714285715,1.0857142857142856
2016-01-19,0.007314814814814815,7.416666666666667
2016-01-20,0.1688461538461538,13.673076923076923
2016-01-21,0.0005714285714285714,13.866666666666667
2016-01-22,0.0021153846153846153,21.91346153846154
2016-01-23,0.022999999999999993,18.59
2016-01-24,0.0007920792079207921,23.653465346534652
2016-01-25,0.006990291262135924,31.310679611650485
2016-01-26,0.03442307692307692,29.73076923076923
2016-01-27,0.0013207547169811322,28.08490566037736
2016-01-28,9.433962264150943e-05,33.160377358490564
2016-01-29,0.0,27.184466019417474
2016-01-30,0.0,37.51020408163265
2016-01-31,0.004285714285714286,44.1530612244898
2016-02-01,0.010280373831775701,34.1588785046729
2016-02-02,0.06383177570093457,39.87850467289719
2016-02-03,0.373551401869159,34.74766355140187
2016-02-04,0.0004716981132075472,22.10377358490566
2016-02-05,0.0006542056074766356,25.747663551401867
2016-02-06,0.0,28.65686274509804
2016-02-07,0.00039603960396039607,36.89108910891089
2016-02-08,0.012803738317757017,26.457943925233646
2016-02-09,0.03925233644859811,15.83177570093458
2016-02-10,0.005871559633027524,10.706422018348624
2016-02-11,0.008037383177570096,13.682242990654206
2016-02-12,0.013084112149532713,20.11214953271028
2016-02-13,9.70873786407767e-05,8.300970873786408
2016-02-14,0.040384615384615366,17.432692307692307
2016-02-15,0.12586538461538463,24.51923076923077
2016-02-16,0.010642201834862386,27.146788990825687
2016-02-17,0.029174311926605495,29.027522935779817
2016-02-18,0.0003669724770642202,32.95412844036697
2016-02-19,0.003962264150943396,49.83018867924528
2016-02-20,0.009622641509433963,46.339622641509436
2016-02-21,0.0818095238095238,38.352380952380955
2016-02-22,0.0,31.925233644859812
2016-02-23,0.0032110091743119264,32.79816513761468
2016-02-24,0.36100917431192664,34.027522935779814
2016-02-25,0.15943925233644854,33.09345794392523
2016-02-26,0.0004761904761904762,28.752380952380953
2016-02-27,0.0,33.6764705882353
2016-02-28,0.003636363636363637,47.76767676767677
2016-02-29,0.012616822429906548,35.97196261682243
2016-03-01,0.04461538461538462,33.86538461538461
2016-03-02,0.042980769230769225,21.365384615384617
2016-03-03,0.06288461538461534,33.09615384615385
2016-03-04,0.041428571428571426,28.895238095238096
2016-03-05,0.011568627450980395,35.029411764705884
2016-03-06,9.80392156862745e-05,36.0
2016-03-07,0.03566037735849056,51.9811320754717
2016-03-08,0.018095238095238095,57.96190476190476
2016-03-09,0.14425925925925925,56.78703703703704
2016-03-10,0.23142857142857146,46.48571428571429
2016-03-11,0.059999999999999984,40.35514018691589
2016-03-12,0.007843137254901962,45.98039215686274
2016-03-13,0.3423232323232323,52.26262626262626
2016-03-14,0.30826923076923063,50.58653846153846
2016-03-15,0.0900909090909091,53.49090909090909
2016-03-16,0.28207547169811326,48.594339622641506
2016-03-17,0.0014953271028037382,42.39252336448598
2016-03-18,0.0011009174311926604,36.88073394495413
2016-03-19,0.04362745098039215,36.71568627450981
2016-03-20,0.027941176470588233,35.15686274509804
2016-03-21,0.016415094339622644,34.056603773584904
2016-03-22,0.0,46.1651376146789
2016-03-23,0.0037037037037037034,49.01851851851852
2016-03-24,0.29923809523809525,47.15238095238095
2016-03-25,0.38707547169811324,32.886792452830186
2016-03-26,0.002211538461538462,38.47115384615385
2016-03-27,0.025714285714285717,42.87619047619047
2016-03-28,0.20666666666666667,39.97142857142857
2016-03-29,0.0,39.50476190476191
2016-03-30,0.08266666666666667,48.666666666666664
2016-03-31,0.6528301886792454,56.85849056603774
2016-04-01,0.1557407407407407,41.879629629629626
2016-04-02,0.04689320388349514,35.84466019417476
2016-04-03,0.004757281553398058,38.359223300970875
2016-04-04,0.01009433962264151,41.12264150943396
2016-04-05,0.0038532110091743124,32.018348623853214
2016-04-06,0.2074074074074074,47.99074074074074
2016-04-07,0.25688073394495425,39.61467889908257
2016-04-08,0.030190476190476184,38.08571428571429
2016-04-09,0.021274509803921572,29.666666666666668
2016-04-10,0.0436,42.47
2016-04-11,0.4684615384615386,46.13461538461539
2016-04-12,0.1069724770642202,35.211009174311926
2016-04-13,0.0,39.509433962264154
2016-04-14,0.0,44.96296296296296
2016-04-15,0.000462962962962963,50.842592592592595
2016-04-16,0.0,55.55339805825243
2016-04-17,0.0,57.58
2016-04-18,0.0,57.12380952380953
2016-04-19,0.08477064220183485,57.27522935779817
2016-04-20,0.09431192660550458,55.55045871559633
2016-04-21,0.41287037037037033,56.879629629629626
2016-04-22,0.2264150943396227,52.113207547169814
2016-04-23,0.0007619047619047619,46.60952380952381
2016-04-24,0.0,54.76699029126213
2016-04-25,0.0011009174311926604,63.908256880733944
2016-04-26,0.046822429906542055,57.495327102803735
2016-04-27,0.3511320754716981,51.471698113207545
2016-04-28,0.550566037735849,51.87735849056604
2016-04-29,0.01933962264150944,48.613207547169814
2016-04-30,0.25938775510204076,51.234693877551024
2016-05-01,0.49303030303030293,51.86868686868687
2016-05-02,0.1720388349514563,49.58252427184466
2016-05-03,0.0048113207547169825,49.39622641509434
2016-05-04,0.16865384615384618,50.16346153846154
2016-05-05,0.005145631067961166,45.33980582524272
2016-05-06,0.0006730769230769232,53.17307692307692
2016-05-07,0.03844660194174757,62.640776699029125
2016-05-08,0.12179999999999996,53.91
2016-05-09,0.18375,57.73076923076923
2016-05-10,0.7571028037383178,59.822429906542055
2016-05-11,0.2645283018867923,60.0
2016-05-12,0.4341509433962266,61.4811320754717
2016-05-13,0.07127450980392154,52.029411764705884
2016-05-14,0.33196078431372555,43.71568627450981
2016-05-15,0.0004901960784313725,44.51960784313726
2016-05-16,0.010784313725490198,50.588235294117645
2016-05-17,0.14561904761904762,50.371428571428574
2016-05-18,0.11076923076923079,49.03846153846154
2016-05-19,0.004615384615384615,51.85576923076923
2016-05-20,0.018301886792452832,55.64150943396226
2016-05-21,0.02028571428571429,57.2
2016-05-22,0.0003846153846153846,58.80769230769231
2016-05-23,0.00125,60.74038461538461
2016-05-24,0.0005714285714285714,65.20952380952382
2016-05-25,0.01903846153846154,67.49038461538461
2016-05-26,0.2643137254901961,68.47058823529412
2016-05-27,0.29609523809523813,67.55238095238096
2016-05-28,0.22683168316831684,70.11881188118812
2016-05-29,0.11729999999999995,68.52
2016-05-30,0.008686868686868687,68.5050505050505
2016-05-31,0.05441176470588234,68.80392156862744
2016-06-01,0.4390384615384616,66.76923076923077
2016-06-02,0.07980952380952379,65.70476190476191
2016-06-03,0.01628571428571429,65.3047619047619
2016-06-04,0.15050000000000002,66.86
2016-06-05,0.33289999999999986,65.26
2016-06-06,0.007623762376237624,66.46534653465346
2016-06-07,0.005533980582524271,60.46601941747573
2016-06-08,0.0,59.15384615384615
2016-06-09,0.033039215686274506,65.51960784313725
2016-06-10,0.11057692307692307,72.66346153846153
2016-06-11,0.003535353535353535,75.38383838383838
2016-06-12,0.006400000000000001,71.83
2016-06-13,0.02922330097087378,68.7864077669903
2016-06-14,0.17836538461538462,73.32692307692308
2016-06-15,0.7566666666666664,74.34285714285714
2016-06-16,0.05673076923076924,72.39423076923077
2016-06-17,9.523809523809524e-05,67.75238095238095
2016-06-18,0.0,68.12
2016-06-19,0.004,72.29
2016-06-20,0.004466019417475728,76.54368932038835
2016-06-21,0.04894230769230768,71.07692307692308
2016-06-22,0.5648113207547171,71.75471698113208
2016-06-23,0.4148571428571429,75.45714285714286
2016-06-24,0.001792452830188679,68.28301886792453
2016-06-25,0.007596153846153846,73.53846153846153
2016-06-26,0.10650485436893203,75.44660194174757
2016-06-27,0.1689523809523809,72.66666666666667
2016-06-28,0.005094339622641509,66.5377358490566
2016-06-29,0.0,60.95283018867924
2016-06-30,0.020095238095238093,64.16190476190476
2016-07-01,0.17566037735849044,65.77358490566037
2016-07-02,0.010686274509803922,60.666666666666664
2016-07-03,0.48431372549019586,61.254901960784316
2016-07-04,0.48374999999999996,67.125
2016-07-05,0.09962264150943397,71.32075471698113
2016-07-06,0.805754716981132,71.28301886792453
2016-07-07,0.3897169811320755,70.66037735849056
2016-07-08,0.20085714285714293,73.00952380952381
2016-07-09,0.009514563106796116,68.46601941747574
2016-07-10,0.0011538461538461537,68.66346153846153
2016-07-11,0.07362745098039217,73.8529411764706
2016-07-12,0.0639622641509434,73.34905660377359
2016-07-13,0.1470754716981132,73.13207547169812
2016-07-14,0.6337383177570093,71.50467289719626
2016-07-15,0.01533980582524272,68.04854368932038
2016-07-16,0.03019607843137255,65.8529411764706
2016-07-17,0.11749999999999998,71.02
2016-07-18,0.3900980392156864,75.31372549019608
2016-07-19,0.06584905660377358,73.68867924528301
2016-07-20,0.39098039215686275,73.19607843137256
2016-07-21,0.1783168316831683,76.79207920792079
2016-07-22,0.6926213592233011,73.3495145631068
2016-07-23,0.06646464646464646,76.52525252525253
2016-07-24,0.35838383838383847,77.71717171717172
2016-07-25,0.3222549019607842,73.5
2016-07-26,0.10772277227722771,72.15841584158416
2016-07-27,0.04352941176470588,71.93137254901961
2016-07-28,0.11711538461538458,72.77884615384616
2016-07-29,0.18796116504854365,70.07766990291262
2016-07-30,0.18009803921568632,69.52941176470588
2016-07-31,0.01217821782178218,68.88118811881188
2016-08-01,0.07872549019607843,70.81372549019608
2016-08-02,0.03466019417475728,72.30097087378641
2016-08-03,0.1020952380952381,73.43809523809524
2016-08-04,0.07,73.15238095238095
2016-08-05,0.3872641509433963,72.68867924528301
2016-08-06,0.021764705882352943,68.83333333333333
2016-08-07,0.005148514851485149,67.12871287128714
2016-08-08,0.0,69.4423076923077
2016-08-09,0.00102803738317757,71.05607476635514
2016-08-10,0.00018691588785046728,73.02803738317758
2016-08-11,0.039074074074074074,75.79629629629629
2016-08-12,0.4771698113207547,75.95283018867924
2016-08-13,0.67029702970297,73.1980198019802
2016-08-14,0.3697979797979798,69.3030303030303
2016-08-15,0.6651960784313725,69.55882352941177
2016-08-16,0.8224528301886794,70.35849056603773
2016-08-17,0.07814814814814815,71.37037037037037
2016-08-18,0.14504672897196264,71.78504672897196
2016-08-19,0.23894230769230768,71.63461538461539
2016-08-20,0.2917171717171719,71.23232323232324
2016-08-21,0.16899999999999998,62.46
2016-08-22,0.0084,60.24
2016-08-23,0.017547169811320755,64.4622641509434
2016-08-24,0.2578703703703704,73.47222222222223
2016-08-25,0.4218691588785046,71.88785046728972
2016-08-26,0.1374528301886792,69.31132075471699
2016-08-27,0.5141176470588235,71.5
2016-08-28,0.13892156862745098,72.6078431372549
2016-08-29,0.07584158415841583,71.47524752475248
2016-08-30,0.30330188679245274,71.69811320754717
2016-08-31,0.11226415094339622,69.32075471698113
2016-09-01,0.022169811320754712,62.31132075471698
2016-09-02,0.0014285714285714286,59.76190476190476
2016-09-03,0.007307692307692308,60.16346153846154
2016-09-04,0.0,62.77669902912621
2016-09-05,0.010095238095238096,70.28571428571429
2016-09-06,0.0024761904761904764,74.92380952380952
2016-09-07,0.054528301886792446,75.5
2016-09-08,0.7626168224299064,73.07476635514018
2016-09-09,0.31961538461538463,68.9326923076923
2016-09-10,0.5924000000000001,66.89
2016-09-11,0.026700000000000005,57.55
2016-09-12,9.615384615384615e-05,59.09615384615385
2016-09-13,0.008285714285714285,63.476190476190474
2016-09-14,0.05981308411214953,66.24299065420561
2016-09-15,0.01431192660550459,65.1743119266055
2016-09-16,0.09642201834862385,68.6697247706422
2016-09-17,0.6028571428571429,67.14285714285714
2016-09-18,0.001923076923076923,62.39423076923077
2016-09-19,0.008476190476190476,61.94285714285714
2016-09-20,0.0125,67.03703703703704
2016-09-21,0.03277777777777778,68.26851851851852
2016-09-22,0.15361111111111111,66.30555555555556
2016-09-23,0.03888888888888888,67.91666666666667
2016-09-24,0.007238095238095238,67.65714285714286
2016-09-25,0.011359223300970875,68.13592233009709
2016-09-26,0.165,57.283018867924525
2016-09-27,0.001926605504587156,53.321100917431195
2016-09-28,0.01768518518518519,54.5
2016-09-29,0.07563106796116499,56.16504854368932
2016-09-30,0.11056603773584903,58.9811320754717
2016-10-01,0.17568627450980398,59.42156862745098
2016-10-02,0.0965346534653465,58.67326732673267
2016-10-03,0.013564356435643566,57.603960396039604
2016-10-04,0.0,60.13084112149533
2016-10-05,0.003240740740740741,65.71296296296296
2016-10-06,0.2942452830188679,65.23584905660377
2016-10-07,0.22615384615384615,58.74038461538461
2016-10-08,0.0004950495049504951,45.05940594059406
2016-10-09,0.0,49.742574257425744
2016-10-10,0.0,50.076190476190476
2016-10-11,0.005794392523364487,57.36448598130841
2016-10-12,0.06037383177570094,59.691588785046726
2016-10-13,0.13084905660377358,42.679245283018865
2016-10-14,0.0002830188679245283,44.820754716981135
2016-10-15,0.004803921568627451,60.61764705882353
2016-10-16,0.15980198019801978,66.64356435643565
2016-10-17,0.057999999999999996,69.34285714285714
2016-10-18,0.0,68.82075471698113
2016-10-19,0.029714285714285714,54.86666666666667
2016-10-20,0.5018691588785048,52.51401869158879
2016-10-21,0.08278846153846155,40.82692307692308
2016-10-22,0.0010576923076923077,40.75
2016-10-23,0.0,49.48543689320388
2016-10-24,0.0,45.205607476635514
2016-10-25,0.005420560747663552,44.28971962616822
2016-10-26,0.21876190476190469,48.857142857142854
2016-10-27,0.33327102803738323,47.81308411214953
2016-10-28,0.0020370370370370373,47.75
2016-10-29,0.0014285714285714288,63.00952380952381
2016-10-30,0.059038461538461554,55.92307692307692
2016-10-31,0.0005607476635514019,48.8411214953271
2016-11-01,0.00037383177570093456,62.90654205607477
2016-11-02,0.09357798165137615,61.944954128440365
2016-11-03,0.5767289719626171,56.691588785046726
2016-11-04,0.012336448598130843,46.00934579439252
2016-11-05,0.00038095238095238096,45.06666666666667
2016-11-06,0.0003883495145631068,45.349514563106794
2016-11-07,0.0,45.74528301886792
2016-11-08,0.03633027522935779,53.41284403669725
2016-11-09,0.05648148148148147,40.47222222222222
2016-11-10,0.0,41.30275229357798
2016-11-11,0.0002777777777777778,44.03703703703704
2016-11-12,0.00018691588785046728,33.16822429906542
2016-11-13,0.0,35.51428571428571
2016-11-14,0.0,41.372727272727275
2016-11-15,0.00390909090909091,41.27272727272727
2016-11-16,0.0,42.518181818181816
2016-11-17,0.0,54.38181818181818
2016-11-18,0.04853211009174311,56.07339449541284
2016-11-19,0.13943396226415095,33.70754716981132
2016-11-20,0.0,25.4
2016-11-21,0.0014018691588785046,25.401869158878505
2016-11-22,0.019166666666666665,35.083333333333336
2016-11-23,0.408785046728972,42.046728971962615
2016-11-24,0.15524271844660195,38.271844660194176
2016-11-25,0.004077669902912621,37.99029126213592
2016-11-26,0.0001,35.29
2016-11-27,0.025588235294117644,36.09803921568628
2016-11-28,0.48576923076923073,45.23076923076923
2016-11-29,0.5248623853211011,43.73394495412844
2016-11-30,0.00036036036036036037,35.27927927927928
2016-12-01,0.0030841121495327104,35.4392523364486
2016-12-02,0.001559633027522936,34.22935779816514
2016-12-03,0.00102803738317757,32.570093457943926
2016-12-04,0.09403846153846153,33.23076923076923
2016-12-05,0.29421568627450967,32.94117647058823
2016-12-06,0.03363636363636364,33.45454545454545
2016-12-07,0.0011818181818181819,25.972727272727273
2016-12-08,9.009009009009009e-05,19.243243243243242
2016-12-09,0.00045454545454545455,20.145454545454545
2016-12-10,0.006857142857142857,21.876190476190477
2016-12-11,0.08422680412371132,32.29896907216495
2016-12-12,0.17586538461538465,23.798076923076923
2016-12-13,0.016296296296296302,20.64814814814815
2016-12-14,0.007339449541284404,11.990825688073395
2016-12-15,0.0,6.536363636363636
2016-12-16,0.0027102803738317757,18.682242990654206
2016-12-17,0.1020833333333333,26.177083333333332
2016-12-18,0.10552083333333327,2.2916666666666665
2016-12-19,0.0016346153846153847,1.0192307692307692
2016-12-20,0.0,18.50925925925926
2016-12-21,0.0,24.52777777777778
2016-12-22,0.0,31.59633027522936
2016-12-23,0.021028037383177576,32.42056074766355
2016-12-24,0.10849999999999999,35.4
2016-12-25,0.046435643564356414,36.93069306930693
2016-12-26,0.28660194174757286,47.43689320388349
2016-12-27,0.1072641509433962,27.962264150943398
2016-12-28,0.0007407407407407407,30.296296296296298
2016-12-29,0.0045871559633027525,32.73394495412844
2016-12-30,0.002803738317757009,27.8411214953271
2016-12-31,0.008476190476190477,35.82857142857143
2017-01-01,0.0038834951456310682,24.631067961165048
2017-01-02,0.025480769230769227,36.71153846153846
2017-01-03,0.13953703703703701,37.44444444444444
2017-01-04,0.06568807339449541,12.98165137614679
2017-01-05,0.031111111111111117,10.546296296296296
2017-01-06,0.007889908256880736,2.0458715596330275
2017-01-07,0.0006603773584905661,4.452830188679245
2017-01-08,0.0,5.330097087378641
2017-01-09,0.0007407407407407407,23.23148148148148
2017-01-10,0.03289719626168223,40.81308411214953
2017-01-11,0.0882075471698113,33.95283018867924
2017-01-12,0.1454807692307692,31.528846153846153
2017-01-13,0.06271028037383175,20.813084112149532
2017-01-14,0.1143137254901961,27.53921568627451
2017-01-15,0.05951456310679611,27.83495145631068
2017-01-16,0.18165048543689324,36.320388349514566
2017-01-17,0.6563366336633664,39.277227722772274
2017-01-18,0.01,34.675925925925924
2017-01-19,0.07075471698113207,36.594339622641506
2017-01-20,0.47691588785046746,41.81308411214953
2017-01-21,0.01211538461538462,46.5
2017-01-22,0.004660194174757281,39.57281553398058
2017-01-23,0.0005660377358490566,37.54716981132076
2017-01-24,0.0012844036697247708,36.11009174311926
2017-01-25,0.03327272727272727,39.75454545454546
2017-01-26,0.022909090909090907,30.836363636363636
2017-01-27,0.001090909090909091,26.527272727272727
2017-01-28,0.0009433962264150943,27.91509433962264
2017-01-29,0.0015238095238095239,27.285714285714285
2017-01-30,0.002616822429906542,21.44859813084112
2017-01-31,0.006090909090909091,37.972727272727276
2017-02-01,0.0012962962962962965,32.5462962962963
2017-02-02,0.0,19.62037037037037
2017-02-03,0.0,18.824074074074073
2017-02-04,0.0,19.83495145631068
2017-02-05,0.0,30.106796116504853
2017-02-06,0.0038095238095238095,34.38095238095238
2017-02-07,0.1863207547169811,48.905660377358494
2017-02-08,0.06816513761467885,27.568807339449542
2017-02-09,0.0557281553398058,13.62135922330097
2017-02-10,0.0,28.452830188679247
2017-02-11,0.00038095238095238096,42.51428571428571
2017-02-12,0.014563106796116507,39.25242718446602
2017-02-13,0.0034285714285714284,27.866666666666667
2017-02-14,0.0013207547169811322,35.839622641509436
2017-02-15,0.002,29.80952380952381
2017-02-16,0.0,30.561904761904763
2017-02-17,0.0,41.79245283018868
2017-02-18,0.0017307692307692306,45.18269230769231
2017-02-19,0.017087378640776703,43.077669902912625
2017-02-20,0.007692307692307693,49.31730769230769
2017-02-21,0.09669811320754713,53.20754716981132
2017-02-22,0.019813084112149534,51.728971962616825
2017-02-23,0.0097196261682243,47.45794392523364
2017-02-24,0.11228571428571424,48.371428571428574
2017-02-25,0.024554455445544555,24.504950495049506
2017-02-26,0.000392156862745098,29.49019607843137
2017-02-27,0.0034313725490196082,36.85294117647059
2017-02-28,0.13262135922330096,51.9126213592233
2017-03-01,0.6353271028037385,44.626168224299064
2017-03-02,0.01075471698113208,30.00943396226415
2017-03-03,0.0006666666666666666,24.476190476190474
2017-03-04,0.0077669902912621365,34.116504854368934
2017-03-05,0.0,43.88461538461539
2017-03-06,0.01723809523809524,53.02857142857143
2017-03-07,0.4853271028037383,44.794392523364486
2017-03-08,0.02212962962962963,40.69444444444444
2017-03-09,0.0022857142857142855,36.819047619047616
2017-03-10,0.021203703703703704,28.63888888888889
2017-03-11,9.615384615384615e-05,24.403846153846153
2017-03-12,0.0044,24.29
2017-03-13,0.14310679611650484,28.04854368932039
2017-03-14,0.061553398058252384,21.29126213592233
2017-03-15,0.005192307692307692,17.057692307692307
2017-03-16,0.0,23.173076923076923
2017-03-17,0.031121495327102795,40.8411214953271
2017-03-18,0.024757281553398063,36.99029126213592
2017-03-19,0.0,34.1
2017-03-20,0.15902912621359222,47.067961165048544
2017-03-21,0.025000000000000005,40.66981132075472
2017-03-22,0.0032075471698113215,30.70754716981132
2017-03-23,0.01066666666666667,35.99047619047619
2017-03-24,0.05780952380952381,53.17142857142857
2017-03-25,0.24280000000000002,50.58
2017-03-26,0.2022,51.53
2017-03-27,0.05029999999999998,48.0
2017-03-28,0.0933009708737864,45.96116504854369
2017-03-29,0.025339805825242718,44.029126213592235
2017-03-30,0.7629523809523809,48.80952380952381
2017-03-31,0.5649038461538463,40.79807692307692
2017-04-01,0.004666666666666668,39.114285714285714
2017-04-02,0.002843137254901961,46.80392156862745
2017-04-03,0.08085714285714281,51.60952380952381
2017-04-04,0.29707547169811327,49.867924528301884
2017-04-05,0.5566346153846151,44.98076923076923
2017-04-06,0.559705882352941,41.0
2017-04-07,0.014423076923076924,38.43269230769231
2017-04-08,9.615384615384615e-05,44.875
2017-04-09,0.0,59.666666666666664
2017-04-10,0.09524271844660193,60.83495145631068
2017-04-11,0.17155339805825237,47.271844660194176
2017-04-12,9.523809523809524e-05,43.4
2017-04-13,0.06932692307692308,52.16346153846154
2017-04-14,0.04923076923076924,55.88461538461539
2017-04-15,0.0958762886597938,64.9381443298969
2017-04-16,0.498080808080808,60.84848484848485
2017-04-17,0.07470588235294119,52.63725490196079
2017-04-18,0.015384615384615384,53.74038461538461
2017-04-19,0.02660377358490566,62.33018867924528
2017-04-20,0.06961904761904764,63.06666666666667
2017-04-21,0.0595238095238095,46.06666666666667
2017-04-22,0.10514563106796115,44.77669902912621
2017-04-23,0.02333333333333333,45.81372549019608
2017-04-24,0.0,49.44660194174757
2017-04-25,9.433962264150943e-05,57.443396226415096
2017-04-26,0.09950495049504952,61.386138613861384
2017-04-27,0.8823300970873786,45.03883495145631
2017-04-28,0.03451923076923075,46.89423076923077
2017-04-29,0.8001980198019802,50.881188118811885
2017-04-30,1.9782999999999995,51.04
2017-05-01,0.7454545454545456,49.696969696969695
2017-05-02,0.09999999999999996,45.5
2017-05-03,0.040769230769230766,43.82692307692308
2017-05-04,0.7084615384615385,46.16346153846154
2017-05-05,0.26504950495049506,46.495049504950494
2017-05-06,0.08303030303030302,49.17171717171717
2017-05-07,0.0022222222222222227,46.95959595959596
2017-05-08,0.003333333333333333,49.15686274509804
2017-05-09,0.2271844660194175,56.23300970873787
2017-05-10,0.10117647058823526,58.48039215686274
2017-05-11,0.6673529411764707,58.03921568627451
2017-05-12,0.04951456310679611,55.300970873786405
2017-05-13,0.007029702970297031,56.67326732673267
2017-05-14,0.0,62.15841584158416
2017-05-15,0.0004,62.16
2017-05-16,0.015882352941176472,68.6078431372549
2017-05-17,0.027184466019417475,71.6504854368932
2017-05-18,0.1656310679611651,68.74757281553399
2017-05-19,0.29708737864077667,53.48543689320388
2017-05-20,0.6622222222222222,57.05050505050505
2017-05-21,0.37393617021276604,56.840425531914896
2017-05-22,0.005454545454545456,53.878787878787875
2017-05-23,0.10425742574257421,57.34653465346535
2017-05-24,0.2276923076923077,54.10576923076923
2017-05-25,0.055588235294117626,55.72549019607843
2017-05-26,0.05902912621359223,60.310679611650485
2017-05-27,0.23908163265306118,61.58163265306123
2017-05-28,0.08556701030927834,63.07216494845361
2017-05-29,0.023434343434343433,62.888888888888886
2017-05-30,0.012745098039215686,60.049019607843135
2017-05-31,0.010873786407766994,59.9126213592233
2017-06-01,9.615384615384615e-05,60.07692307692308
2017-06-02,0.002815533980582524,65.02912621359224
2017-06-03,0.003979591836734694,70.0204081632653
2017-06-04,0.030833333333333334,71.8125
2017-06-05,0.08029999999999998,68.0
2017-06-06,0.024000000000000004,61.46666666666667
2017-06-07,0.0,61.114285714285714
2017-06-08,0.0003846153846153846,60.59615384615385
2017-06-09,0.010849056603773588,67.43396226415095
2017-06-10,0.0034951456310679616,69.54368932038835
2017-06-11,0.0,73.25
2017-06-12,9.523809523809524e-05,75.32380952380953
2017-06-13,0.0019230769230769232,76.21153846153847
2017-06-14,0.10728155339805825,75.27184466019418
2017-06-15,0.7216666666666667,70.1078431372549
2017-06-16,0.2441346153846153,69.9326923076923
2017-06-17,0.16118811881188125,71.95049504950495
2017-06-18,0.5298000000000002,69.02
2017-06-19,0.043921568627450974,65.32352941176471
2017-06-20,0.06757281553398058,65.19417475728156
2017-06-21,0.06796116504854369,68.31067961165049
2017-06-22,0.021142857142857147,73.63809523809523
2017-06-23,0.3662499999999999,70.65384615384616
2017-06-24,0.14895238095238095,62.89523809523809
2017-06-25,0.0038834951456310682,60.16504854368932
2017-06-26,0.005096153846153847,57.82692307692308
2017-06-27,0.035619047619047606,57.76190476190476
2017-06-28,0.07342857142857143,65.62857142857143
2017-06-29,0.43,71.11650485436893
2017-06-30,0.1630769230769231,70.6826923076923
2017-07-01,0.09359223300970876,68.7378640776699
2017-07-02,0.0010891089108910892,67.48514851485149
2017-07-03,0.027809523809523812,70.20952380952382
2017-07-04,0.023714285714285712,70.5047619047619
2017-07-05,0.06855769230769229,71.8076923076923
2017-07-06,0.21123809523809522,72.38095238095238
2017-07-07,0.027169811320754716,74.69811320754717
2017-07-08,0.016153846153846154,67.74038461538461
2017-07-09,0.009009900990099011,70.00990099009901
2017-07-10,0.38271844660194176,72.4368932038835
2017-07-11,0.26085714285714284,75.08571428571429
2017-07-12,0.3378846153846154,75.49038461538461
2017-07-13,0.3287735849056604,74.9622641509434
2017-07-14,0.13594339622641508,68.17924528301887
2017-07-15,0.006568627450980392,64.87254901960785
2017-07-16,0.06078431372549019,70.06862745098039
2017-07-17,0.07742857142857142,66.07619047619048
2017-07-18,0.015566037735849057,68.09433962264151
2017-07-19,0.12285714285714287,74.42857142857143
2017-07-20,0.45,75.39252336448598
2017-07-21,0.2926415094339624,76.75471698113208
2017-07-22,1.0388235294117651,75.22549019607843
2017-07-23,0.2513,74.32
2017-07-24,0.1285148514851485,68.32673267326733
2017-07-25,0.0002830188679245283,67.01886792452831
2017-07-26,0.05519607843137255,70.67647058823529
2017-07-27,0.6321904761904762,72.87619047619047
2017-07-28,0.15923809523809523,68.24761904761905
2017-07-29,9.70873786407767e-05,64.20388349514563
2017-07-30,0.0,63.93939393939394
2017-07-31,9.80392156862745e-05,65.80392156862744
2017-08-01,0.019150943396226416,69.32075471698113
2017-08-02,0.07257142857142858,68.54285714285714
2017-08-03,0.08314285714285713,68.74285714285715
2017-08-04,0.2397115384615385,58.48076923076923
2017-08-05,0.0008823529411764705,60.63725490196079
2017-08-06,0.03411764705882353,64.46078431372548
2017-08-07,0.045049504950495055,64.25742574257426
2017-08-08,0.010471698113207547,60.528301886792455
2017-08-09,0.00018867924528301886,61.60377358490566
2017-08-10,0.02028846153846154,65.6923076923077
2017-08-11,0.22749999999999998,66.28846153846153
2017-08-12,0.012450980392156863,61.35294117647059
2017-08-13,0.000594059405940594,60.53465346534654
2017-08-14,0.004951456310679612,64.6116504854369
2017-08-15,0.00855769230769231,68.72115384615384
2017-08-16,0.027547169811320753,70.24528301886792
2017-08-17,0.2816190476190477,71.68571428571428
2017-08-18,0.0078095238095238105,66.74285714285715
2017-08-19,0.04049999999999998,67.19
2017-08-20,0.015918367346938776,69.15306122448979
2017-08-21,0.08774509803921567,70.97058823529412
2017-08-22,0.5898058252427184,69.03883495145631
2017-08-23,0.024112149532710264,59.205607476635514
2017-08-24,0.0002830188679245283,58.91509433962264
2017-08-25,0.0018691588785046728,58.39252336448598
2017-08-26,0.00019801980198019803,59.28712871287129
2017-08-27,0.050396039603960385,62.31683168316832
2017-08-28,0.15942307692307686,63.92307692307692
2017-08-29,0.2180582524271844,62.12621359223301
2017-08-30,0.018365384615384617,62.125
2017-08-31,9.80392156862745e-05,62.65686274509804
2017-09-01,0.03514285714285714,57.22857142857143
2017-09-02,0.00819047619047619,52.10476190476191
2017-09-03,0.012403846153846156,62.04807692307692
2017-09-04,0.007830188679245283,66.91509433962264
2017-09-05,0.05342857142857142,56.38095238095238
2017-09-06,0.002429906542056075,49.981308411214954
2017-09-07,0.0007619047619047619,50.457142857142856
2017-09-08,0.000588235294117647,54.22549019607843
2017-09-09,0.0,55.7029702970297
2017-09-10,0.0,53.125
2017-09-11,0.0,52.16504854368932
2017-09-12,0.003173076923076924,56.75961538461539
2017-09-13,0.034056603773584895,58.72641509433962
2017-09-14,0.01953703703703704,60.629629629629626
2017-09-15,0.0,63.55238095238095
2017-09-16,0.0,66.6504854368932
2017-09-17,0.03333333333333334,68.06862745098039
2017-09-18,0.06796116504854369,61.87378640776699
2017-09-19,0.360754716981132,65.93396226415095
2017-09-20,0.03849056603773585,69.69811320754717
2017-09-21,0.10785046728971961,72.0
2017-09-22,0.004811320754716982,71.44339622641509
2017-09-23,0.0007692307692307692,69.90384615384616
2017-09-24,0.0,68.5
2017-09-25,0.0006542056074766356,67.5233644859813
2017-09-26,0.010934579439252337,68.99065420560747
2017-09-27,0.006000000000000001,62.46666666666667
2017-09-28,0.00019047619047619048,52.180952380952384
2017-09-29,0.0,53.25471698113208
2017-09-30,0.0,50.10891089108911
2017-10-01,0.0,52.15686274509804
2017-10-02,0.0,64.52427184466019
2017-10-03,0.01153846153846154,67.9423076923077
2017-10-04,0.07752380952380947,66.8
2017-10-05,0.2819047619047618,61.647619047619045
2017-10-06,0.2496190476190476,65.15238095238095
2017-10-07,0.20109999999999995,66.8
2017-10-08,0.17490000000000006,57.07
2017-10-09,0.015643564356435644,59.16831683168317
2017-10-10,0.37561904761904774,61.647619047619045
2017-10-11,1.0638317757009341,54.35514018691589
2017-10-12,0.04310679611650483,55.883495145631066
2017-10-13,0.023396226415094326,56.39622641509434
2017-10-14,0.3644,63.24
2017-10-15,1.2439583333333337,55.270833333333336
2017-10-16,0.03707070707070705,42.494949494949495
2017-10-17,0.0005825242718446601,46.46601941747573
2017-10-18,0.0,47.94230769230769
2017-10-19,0.0,51.52427184466019
2017-10-20,0.0,54.58653846153846
2017-10-21,0.0028571428571428567,60.51020408163265
2017-10-22,0.17858585858585857,60.44444444444444
2017-10-23,0.7374257425742572,49.91089108910891
2017-10-24,0.20895238095238086,45.03809523809524
2017-10-25,0.12803921568627447,38.86274509803921
2017-10-26,0.0003883495145631068,42.38834951456311
2017-10-27,0.01233009708737864,39.970873786407765
2017-10-28,0.03362745098039214,35.627450980392155
2017-10-29,0.0026,32.36
2017-10-30,0.008058252427184468,42.48543689320388
2017-10-31,0.01695238095238096,32.51428571428571
2017-11-01,0.06980392156862743,37.627450980392155
2017-11-02,0.13519607843137252,52.22549019607843
2017-11-03,0.18920792079207915,41.56435643564357
2017-11-04,0.07434343434343434,48.83838383838384
2017-11-05,0.12999999999999995,54.350515463917525
2017-11-06,0.3278571428571428,37.59183673469388
2017-11-07,0.06792079207920794,38.198019801980195
2017-11-08,0.0008910891089108912,31.653465346534652
2017-11-09,0.0,34.475247524752476
2017-11-10,0.0,22.393939393939394
2017-11-11,0.0011224489795918367,30.6734693877551
2017-11-12,0.07030612244897957,37.61224489795919
2017-11-13,0.060299999999999986,34.68
2017-11-14,9.80392156862745e-05,37.14705882352941
2017-11-15,0.3,44.23529411764706
2017-11-16,0.09929999999999996,30.61
2017-11-17,0.014313725490196081,35.490196078431374
2017-11-18,0.334742268041237,47.68041237113402
2017-11-19,0.4244680851063829,28.117021276595743
2017-11-20,0.0003061224489795918,35.30612244897959
2017-11-21,0.0019,38.93
2017-11-22,0.000673076923076923,23.673076923076923
2017-11-23,0.0,31.96
2017-11-24,0.00010101010101010101,39.41414141414141
2017-11-25,0.0,40.494949494949495
2017-11-26,0.0,31.8
2017-11-27,0.0,39.58252427184466
2017-11-28,0.0,49.42857142857143
2017-11-29,0.0007920792079207921,36.89108910891089
2017-11-30,0.034848484848484844,41.38383838383838
2017-12-01,0.000679611650485437,29.49514563106796
2017-12-02,0.0002,36.33
2017-12-03,0.002,35.54
2017-12-04,0.008823529411764707,54.13725490196079
2017-12-05,0.2018269230769231,31.846153846153847
2017-12-06,0.0001923076923076923,29.721153846153847
2017-12-07,0.003663366336633664,21.534653465346533
2017-12-08,0.0,18.77227722772277
2017-12-09,0.004444444444444445,27.737373737373737
2017-12-10,0.0010891089108910892,24.871287128712872
2017-12-11,0.00125,29.990384615384617
2017-12-12,0.019903846153846157,21.41346153846154
2017-12-13,0.0,28.42718446601942
2017-12-14,0.00048543689320388353,22.0873786407767
2017-12-15,0.0,27.699029126213592
2017-12-16,0.0,33.78
2017-12-17,0.004545454545454545,37.5959595959596
2017-12-18,0.022222222222222223,41.898989898989896
2017-12-19,0.0028571428571428576,38.304761904761904
2017-12-20,0.0025714285714285717,32.076190476190476
2017-12-21,0.0003846153846153846,33.13461538461539
2017-12-22,0.0068627450980392165,38.46078431372549
2017-12-23,0.24292929292929297,26.646464646464647
2017-12-24,0.06406593406593405,21.725274725274726
2017-12-25,0.08146067415730335,12.876404494382022
2017-12-26,0.013645833333333334,4.71875
2017-12-27,0.011287128712871288,-2.881188118811881
2017-12-28,0.0038613861386138613,6.851485148514851
2017-12-29,0.03282828282828281,12.272727272727273
2017-12-30,0.07319587628865978,8.195876288659793
2017-12-31,0.006530612244897961,-0.5918367346938775
2018-01-01,0.00020202020202020202,-9.525252525252526
2018-01-02,0.0,-7.28
2018-01-03,0.002571428571428572,13.742857142857142
2018-01-04,0.0007619047619047619,-1.542857142857143
2018-01-05,0.00180952380952381,2.4857142857142858
2018-01-06,0.0,-3.5247524752475248
2018-01-07,0.011224489795918368,21.989795918367346
2018-01-08,0.12999999999999998,31.989795918367346
2018-01-09,0.002336448598130841,28.869158878504674
2018-01-10,0.00942857142857143,41.17142857142857
2018-01-11,0.06563106796116505,49.95145631067961
2018-01-12,0.20346153846153853,15.326923076923077
2018-01-13,0.01099009900990099,8.207920792079207
2018-01-14,0.0038000000000000004,8.87
2018-01-15,0.10795698924731188,16.0
2018-01-16,0.0263,2.68
2018-01-17,0.0009433962264150942,2.7641509433962264
2018-01-18,0.0,16.99047619047619
2018-01-19,0.0019047619047619048,27.533333333333335
2018-01-20,0.0,34.23762376237624
2018-01-21,0.0012371134020618556,41.96907216494845
2018-01-22,0.48041666666666655,47.46875
2018-01-23,0.10128712871287125,32.48514851485149
2018-01-24,0.0021568627450980395,27.41176470588235
2018-01-25,0.00039603960396039607,30.534653465346533
2018-01-26,0.0,39.320388349514566
2018-01-27,0.0301,40.57
2018-01-28,0.032020202020202025,28.95959595959596
2018-01-29,0.000891089108910891,25.445544554455445
2018-01-30,0.00019047619047619048,17.285714285714285
2018-01-31,0.0,34.17142857142857
2018-02-01,0.00046728971962616824,24.88785046728972
2018-02-02,0.00205607476635514,8.644859813084112
2018-02-03,0.00196078431372549,27.30392156862745
2018-02-04,0.03499999999999999,24.224489795918366
2018-02-05,0.0354081632653061,3.510204081632653
2018-02-06,0.13627450980392156,8.088235294117647
2018-02-07,0.07155339805825241,14.067961165048544
2018-02-08,0.007211538461538463,15.971153846153847
2018-02-09,0.11538461538461539,28.567307692307693
2018-02-10,0.07643564356435642,19.534653465346533
2018-02-11,0.14031249999999995,18.125
2018-02-12,0.010714285714285718,9.755102040816327
2018-02-13,0.0,20.368932038834952
2018-02-14,0.042115384615384624,35.0
2018-02-15,0.04009433962264151,46.679245283018865
2018-02-16,0.17456310679611647,31.553398058252426
2018-02-17,0.024591836734693874,25.959183673469386
2018-02-18,0.10182795698924732,26.161290322580644
2018-02-19,0.22581632653061223,48.45918367346939
2018-02-20,1.075047619047619,53.51428571428571
2018-02-21,1.216826923076923,27.798076923076923
2018-02-22,0.15228571428571425,34.20952380952381
2018-02-23,0.21590476190476188,41.86666666666667
2018-02-24,0.4216666666666668,37.68627450980392
2018-02-25,0.4585436893203884,34.36893203883495
2018-02-26,0.0010679611650485437,33.29126213592233
2018-02-27,0.0,41.24761904761905
2018-02-28,0.08132075471698112,48.094339622641506
2018-03-01,0.3331428571428572,42.666666666666664
2018-03-02,0.06221153846153846,31.865384615384617
2018-03-03,0.0001941747572815534,34.14563106796116
2018-03-04,0.0,35.62135922330097
2018-03-05,0.24028846153846153,36.14423076923077
2018-03-06,0.2135849056603774,33.716981132075475
2018-03-07,0.0429807692307692,28.923076923076923
2018-03-08,0.00048543689320388353,23.689320388349515
2018-03-09,0.0,25.485436893203882
2018-03-10,0.007714285714285715,30.866666666666667
2018-03-11,0.005784313725490197,32.94117647058823
2018-03-12,0.025490196078431372,32.64705882352941
2018-03-13,0.004134615384615384,27.28846153846154
2018-03-14,0.004285714285714286,25.36190476190476
2018-03-15,0.0,34.27358490566038
2018-03-16,0.008058252427184467,31.067961165048544
2018-03-17,0.18525252525252525,35.90909090909091
2018-03-18,0.026666666666666665,32.37373737373738
2018-03-19,0.02980392156862745,36.950980392156865
2018-03-20,0.20386792452830188,31.17924528301887
2018-03-21,0.004528301886792453,29.57547169811321
2018-03-22,0.0,28.96153846153846
2018-03-23,0.008584905660377359,35.235849056603776
2018-03-24,0.4450485436893205,35.320388349514566
2018-03-25,0.2732038834951456,31.21359223300971
2018-03-26,0.055673076923076915,34.63461538461539
2018-03-27,0.72311320754717,46.943396226415096
2018-03-28,0.2491176470588236,39.8921568627451
2018-03-29,0.20141509433962265,44.132075471698116
2018-03-30,0.2672380952380953,37.27619047619048
2018-03-31,0.02495049504950494,41.16831683168317
2018-04-01,0.06302083333333332,27.177083333333332
2018-04-02,0.12686274509803921,24.970588235294116
2018-04-03,0.39407766990291265,41.49514563106796
2018-04-04,0.20855769230769228,27.096153846153847
2018-04-05,0.0030097087378640783,29.941747572815533
2018-04-06,0.020285714285714292,36.42857142857143
2018-04-07,0.0012745098039215687,23.166666666666668
2018-04-08,0.012200000000000003,26.65
2018-04-09,0.10363636363636361,31.717171717171716
2018-04-10,0.003398058252427185,32.23300970873787
2018-04-11,0.0012380952380952382,41.57142857142857
2018-04-12,0.0209433962264151,57.028301886792455
2018-04-13,0.03097087378640777,55.38834951456311
2018-04-14,0.5600999999999999,47.65
2018-04-15,0.3830927835051549,36.88659793814433
2018-04-16,0.07979999999999997,29.4
2018-04-17,0.004433962264150944,32.198113207547166
2018-04-18,0.019134615384615385,36.63461538461539
2018-04-19,0.04058252427184466,36.1747572815534
2018-04-20,0.0,36.96116504854369
2018-04-21,0.001568627450980392,45.34313725490196
2018-04-22,0.02137254901960784,48.431372549019606
2018-04-23,0.13538461538461538,48.42307692307692
2018-04-24,0.10460784313725488,51.84313725490196
2018-04-25,0.004951456310679612,47.980582524271846
2018-04-26,0.01735294117647059,44.254901960784316
2018-04-27,0.0009,48.95
2018-04-28,0.0019191919191919192,41.41414141414141
2018-04-29,0.0,40.12
2018-04-30,0.0,50.245098039215684
2018-05-01,0.0002941176470588235,61.1764705882353
2018-05-02,0.033942307692307695,68.35576923076923
2018-05-03,0.6547115384615382,64.34615384615384
2018-05-04,0.16891089108910887,63.118811881188115
2018-05-05,0.021456310679611647,58.95145631067961
2018-05-06,0.004803921568627452,61.509803921568626
2018-05-07,0.01009708737864078,55.728155339805824
2018-05-08,0.0,59.24761904761905
2018-05-09,0.12261682242990654,63.61682242990654
2018-05-10,0.09897196261682241,62.00934579439252
2018-05-11,0.015631067961165052,59.85436893203884
2018-05-12,0.11949494949494947,58.02020202020202
2018-05-13,0.16697916666666668,60.6875
2018-05-14,0.22650485436893206,67.0873786407767
2018-05-15,0.2788679245283019,65.47169811320755
2018-05-16,0.08224299065420558,60.66355140186916
2018-05-17,0.021730769230769234,63.23076923076923
2018-05-18,0.07867924528301887,62.679245283018865
2018-05-19,0.21490384615384614,63.80769230769231
2018-05-20,0.09524271844660188,60.19417475728155
2018-05-21,0.33485436893203885,60.87378640776699
2018-05-22,0.21370370370370378,64.37962962962963
2018-05-23,0.0002857142857142857,62.98095238095238
2018-05-24,0.0,66.96153846153847
2018-05-25,0.045,69.47058823529412
2018-05-26,0.19169999999999998,70.84
2018-05-27,0.05653465346534652,74.0
2018-05-28,0.03237623762376237,75.02970297029702
2018-05-29,0.05581632653061225,72.55102040816327
2018-05-30,0.2504761904761906,72.55238095238096
2018-05-31,0.4923809523809526,72.52380952380952
2018-06-01,0.19673076923076924,70.625
2018-06-02,0.022700000000000005,64.11
2018-06-03,0.09329999999999997,66.07
2018-06-04,0.0,61.26262626262626
2018-06-05,0.0008823529411764707,64.81372549019608
2018-06-06,0.005,61.93269230769231
2018-06-07,0.019900990099009905,70.32673267326733
2018-06-08,0.06990196078431371,68.69607843137256
2018-06-09,0.5533333333333333,69.85858585858585
2018-06-10,0.8844329896907214,68.8659793814433
2018-06-11,0.6653061224489795,67.27551020408163
2018-06-12,0.4381904761904762,69.97142857142858
2018-06-13,0.06611650485436893,71.25242718446601
2018-06-14,0.00048543689320388353,66.75728155339806
2018-06-15,0.059423076923076884,71.15384615384616
2018-06-16,0.10730769230769231,76.03846153846153
2018-06-17,0.00196078431372549,77.77450980392157
2018-06-18,0.022647058823529412,78.86274509803921
2018-06-19,0.3750961538461539,74.08653846153847
2018-06-20,0.4212380952380952,70.95238095238095
2018-06-21,0.617735849056604,68.44339622641509
2018-06-22,0.75,64.84615384615384
2018-06-23,0.18474747474747477,65.45454545454545
2018-06-24,0.023814432989690725,67.70103092783505
2018-06-25,0.13646464646464646,67.64646464646465
2018-06-26,0.1932380952380952,70.21904761904761
2018-06-27,0.4648514851485149,69.87128712871286
2018-06-28,0.03784313725490196,72.12745098039215
2018-06-29,0.19852941176470587,75.0
2018-06-30,0.0011764705882352942,78.33333333333333
2018-07-01,0.07929292929292929,76.6969696969697
2018-07-02,0.3296907216494845,71.79381443298969
2018-07-03,0.006407766990291261,73.04854368932038
2018-07-04,0.046601941747572824,77.12621359223301
2018-07-05,0.15137254901960784,76.88235294117646
2018-07-06,0.18539215686274513,70.53921568627452
2018-07-07,0.0014851485148514854,63.76237623762376
2018-07-08,0.00030303030303030303,66.12121212121212
2018-07-09,0.0,71.3883495145631
2018-07-10,0.003076923076923077,75.83653846153847
2018-07-11,0.027403846153846154,70.75
2018-07-12,0.0,71.26666666666667
2018-07-13,0.03461538461538461,71.95192307692308
2018-07-14,0.4343000000000001,73.27
2018-07-15,0.4772727272727272,73.08080808080808
2018-07-16,0.04606060606060606,74.77777777777777
2018-07-17,0.07106796116504853,70.18446601941747
2018-07-18,0.0,66.70192307692308
2018-07-19,0.028557692307692305,66.78846153846153
2018-07-20,0.3246666666666667,71.32380952380953
2018-07-21,0.1274257425742574,68.96039603960396
2018-07-22,0.08111111111111109,68.11111111111111
2018-07-23,0.06613861386138614,66.72277227722772
2018-07-24,9.70873786407767e-05,68.35922330097087
2018-07-25,0.0,67.53921568627452
2018-07-26,0.0006796116504854368,67.80582524271844
2018-07-27,0.0152,62.47
2018-07-28,0.00019801980198019803,62.08910891089109
2018-07-29,0.06010204081632653,63.98979591836735
2018-07-30,0.5144897959183672,64.07142857142857
2018-07-31,0.19782178217821783,64.31683168316832
2018-08-01,0.08725490196078428,64.03921568627452
2018-08-02,0.055436893203883494,67.28155339805825
2018-08-03,0.026407766990291254,67.98058252427184
2018-08-04,0.0012121212121212121,72.16161616161617
2018-08-05,0.008762886597938144,73.64948453608247
2018-08-06,0.13029702970297027,73.20792079207921
2018-08-07,0.347843137254902,70.36274509803921
2018-08-08,0.27213592233009715,69.95145631067962
2018-08-09,0.008349514563106798,69.12621359223301
2018-08-10,0.037692307692307685,70.46153846153847
2018-08-11,0.020099009900990096,68.83168316831683
2018-08-12,0.005918367346938776,68.85714285714286
2018-08-13,0.00101010101010101,67.85858585858585
2018-08-14,0.001,67.96
2018-08-15,0.14970588235294113,71.1470588235294
2018-08-16,0.30535353535353543,72.11111111111111
2018-08-17,0.5057425742574256,69.98019801980197
2018-08-18,0.1361616161616161,69.64646464646465
2018-08-19,0.011170212765957447,69.25531914893617
2018-08-20,0.3480808080808081,70.62626262626263
2018-08-21,0.4403921568627449,67.57843137254902
2018-08-22,0.03377551020408162,61.02040816326531
2018-08-23,0.0004950495049504951,58.48514851485149
2018-08-24,0.25560000000000005,62.93
2018-08-25,0.5359793814432989,71.51546391752578
2018-08-26,0.02698924731182795,74.98924731182795
2018-08-27,0.002,76.33684210526316
2018-08-28,0.10540816326530611,75.29591836734694
2018-08-29,1.1392079207920789,68.52475247524752
2018-08-30,0.04098039215686274,64.25490196078431
2018-08-31,0.01323529411764706,65.7843137254902
2018-09-01,0.19525773195876286,73.0
2018-09-02,0.3684042553191489,73.26595744680851
2018-09-03,0.3132,73.54
2018-09-04,0.21287128712871287,73.34653465346534
2018-09-05,0.03207920792079208,73.83168316831683
2018-09-06,0.5227272727272727,69.14141414141415
2018-09-07,0.5999999999999999,66.13265306122449
2018-09-08,1.0827659574468085,62.07446808510638
2018-09-09,0.5533684210526316,59.38947368421053
2018-09-10,0.003789473684210526,57.34736842105263
2018-09-11,0.0,57.68316831683168
2018-09-12,0.0,60.05940594059406
2018-09-13,0.0,61.411764705882355
2018-09-14,0.0,64.56
2018-09-15,0.0,66.44444444444444
2018-09-16,0.0,68.27272727272727
2018-09-17,0.0,68.65346534653466
2018-09-18,0.02480392156862745,68.90196078431373
2018-09-19,0.14871287128712868,67.91089108910892
2018-09-20,0.1144117647058824,72.25490196078431
2018-09-21,0.06961165048543687,70.6116504854369
2018-09-22,0.032254901960784316,53.69607843137255
2018-09-23,0.025894736842105262,54.17894736842105
2018-09-24,0.046400000000000004,60.39
2018-09-25,0.41663366336633667,67.31683168316832
2018-09-26,0.38689320388349496,52.74757281553398
2018-09-27,0.005436893203883496,49.89320388349515
2018-09-28,0.0201980198019802,51.92079207920792
2018-09-29,0.013917525773195879,47.72164948453608
2018-09-30,0.05691489361702126,56.265957446808514
2018-10-01,0.06209999999999998,59.56
2018-10-02,0.23343137254901963,63.27450980392157
2018-10-03,0.0042307692307692315,68.38461538461539
2018-10-04,0.10262135922330098,60.262135922330096
2018-10-05,0.4172115384615385,59.60576923076923
2018-10-06,0.4836000000000002,66.45
2018-10-07,0.38458333333333333,60.614583333333336
2018-10-08,0.44244897959183693,67.57142857142857
2018-10-09,0.005294117647058824,70.44117647058823
2018-10-10,0.2814423076923077,66.76923076923077
2018-10-11,0.245904761904762,44.304761904761904
2018-10-12,0.026407766990291265,36.699029126213595
2018-10-13,0.09820000000000001,38.52
2018-10-14,0.049381443298969076,43.855670103092784
2018-10-15,0.1693814432989691,38.8041237113402
2018-10-16,0.0011650485436893203,36.13592233009709
2018-10-17,0.0,41.118811881188115
2018-10-18,0.0,34.38834951456311
2018-10-19,0.011553398058252428,45.16504854368932
2018-10-20,0.038163265306122435,43.5
2018-10-21,0.011145833333333334,30.6875
2018-10-22,0.0002061855670103093,41.154639175257735
2018-10-23,0.0,39.79611650485437
2018-10-24,0.0,34.76699029126213
2018-10-25,0.0075490196078431375,41.53921568627451
2018-10-26,0.17514851485148508,44.9009900990099
2018-10-27,0.08505050505050502,43.62626262626262
2018-10-28,0.07010309278350518,48.49484536082474
2018-10-29,0.00676767676767677,39.494949494949495
2018-10-30,0.026930693069306934,51.396039603960396
2018-10-31,0.46961165048543696,50.980582524271846
2018-11-01,0.47708737864077666,45.45631067961165
2018-11-02,0.21990291262135925,38.271844660194176
2018-11-03,0.016831683168316836,39.633663366336634
2018-11-04,0.18346938775510202,49.08163265306123
2018-11-05,0.35599999999999987,43.73
2018-11-06,0.3308823529411766,45.61764705882353
2018-11-07,0.004380952380952381,35.31428571428572
2018-11-08,0.0037500000000000003,32.96153846153846
2018-11-09,0.10504761904761903,30.685714285714287
2018-11-10,0.008019801980198022,19.801980198019802
2018-11-11,0.0004210526315789474,28.989473684210527
2018-11-12,0.006666666666666667,30.505050505050505
2018-11-13,0.015196078431372556,20.54901960784314
2018-11-14,0.00801980198019802,19.08910891089109
2018-11-15,0.16437500000000002,26.979166666666668
2018-11-16,0.020510204081632656,32.89795918367347
2018-11-17,0.030833333333333334,32.59375
2018-11-18,0.061290322580645165,30.774193548387096
2018-11-19,0.056344086021505375,29.93548387096774
2018-11-20,0.0019191919191919192,28.595959595959595
2018-11-21,0.0,29.893203883495147
2018-11-22,0.00010204081632653062,31.877551020408163
2018-11-23,0.020612244897959188,39.30612244897959
2018-11-24,0.22395833333333337,43.708333333333336
2018-11-25,0.08302083333333332,39.28125
2018-11-26,0.6278350515463919,26.608247422680414
2018-11-27,0.0016,19.33
2018-11-28,0.009805825242718447,17.660194174757283
2018-11-29,0.006237623762376238,30.366336633663366
2018-11-30,0.013069306930693072,32.118811881188115
2018-12-01,0.5155102040816325,43.69387755102041
2018-12-02,0.3912903225806452,41.225806451612904
2018-12-03,0.04925531914893617,33.02127659574468
2018-12-04,0.012020202020202025,29.373737373737374
2018-12-05,0.01871287128712872,26.762376237623762
2018-12-06,0.007623762376237624,29.425742574257427
2018-12-07,0.0219,16.95
2018-12-08,0.0,19.555555555555557
2018-12-09,0.0,17.197916666666668
2018-12-10,0.0,17.434343434343436
2018-12-11,0.0,25.883495145631066
2018-12-12,0.0,35.09
2018-12-13,0.04178217821782177,33.10891089108911
2018-12-14,0.3544000000000002,39.42
2018-12-15,0.3381632653061225,33.816326530612244
2018-12-16,0.0705,31.22
2018-12-17,0.0,30.81
2018-12-18,0.00404040404040404,28.393939393939394
2018-12-19,0.000784313725490196,36.77450980392157
2018-12-20,0.03445544554455445,41.92079207920792
2018-12-21,0.08616161616161613,33.80808080808081
2018-12-22,0.004489795918367348,28.714285714285715
2018-12-23,0.00020408163265306123,30.122448979591837
2018-12-24,0.0,25.708333333333332
2018-12-25,0.0031578947368421056,33.33684210526316
2018-12-26,0.007272727272727274,31.08080808080808
2018-12-27,0.30435643564356435,43.59405940594059
2018-12-28,0.3263999999999999,34.39
2018-12-29,0.01063157894736842,24.757894736842104
2018-12-30,0.011052631578947371,23.66315789473684
2018-12-31,0.49615384615384606,37.989010989010985
2019-01-01,0.19048076923076923,11.326923076923077
2019-01-02,0.0008181818181818182,17.027272727272727
2019-01-03,8.928571428571429e-05,23.348214285714285
2019-01-04,0.0,28.62608695652174
2019-01-05,0.0,31.844036697247706
2019-01-06,0.0025,33.73148148148148
2019-01-07,0.1578181818181818,42.018181818181816
2019-01-08,0.042272727272727274,34.20909090909091
2019-01-09,0.0,15.131578947368421
2019-01-10,0.0,15.464285714285714
2019-01-11,0.0018584070796460177,24.61946902654867
2019-01-12,0.14825242718446605,26.990291262135923
2019-01-13,0.09330097087378637,25.281553398058254
2019-01-14,0.001,23.69090909090909
2019-01-15,0.0018918918918918923,28.27927927927928
2019-01-16,0.00044642857142857147,19.535714285714285
2019-01-17,0.017567567567567572,24.36936936936937
2019-01-18,0.009819819819819818,17.846846846846848
2019-01-19,0.22137254901960793,6.833333333333333
2019-01-20,0.003904761904761906,1.5047619047619047
2019-01-21,0.013396226415094343,4.490566037735849
2019-01-22,0.01348214285714286,21.053571428571427
2019-01-23,0.22999999999999998,14.155963302752294
2019-01-24,0.005132743362831859,13.176991150442477
2019-01-25,0.0008849557522123895,-4.389380530973451
2019-01-26,0.012452830188679247,0.6226415094339622
2019-01-27,0.03333333333333333,-1.276190476190476
2019-01-28,0.14663551401869157,11.822429906542055
2019-01-29,0.0008108108108108108,-2.5675675675675675
2019-01-30,0.0008849557522123895,-22.061946902654867
2019-01-31,0.006036036036036035,-12.054054054054054
2019-02-01,0.022702702702702703,2.3063063063063063
2019-02-02,0.0011320754716981133,33.528301886792455
2019-02-03,0.004433962264150944,41.35849056603774
2019-02-04,0.012897196261682248,21.33644859813084
2019-02-05,0.015225225225225228,9.333333333333334
2019-02-06,0.06567567567567566,16.92792792792793
2019-02-07,0.129074074074074,12.101851851851851
2019-02-08,0.06083333333333333,-3.462962962962963
2019-02-09,0.0,3.0576923076923075
2019-02-10,0.0495,21.26
2019-02-11,0.11257142857142857,22.961904761904762
2019-02-12,0.4074285714285714,21.857142857142858
2019-02-13,0.011834862385321105,6.146788990825688
2019-02-14,9.090909090909092e-05,25.954545454545453
2019-02-15,0.00018518518518518518,0.046296296296296294
2019-02-16,0.00330188679245283,4.226415094339623
2019-02-17,0.2646464646464647,20.303030303030305
2019-02-18,0.09098039215686267,8.392156862745098
2019-02-19,0.0008181818181818182,-1.6636363636363636
2019-02-20,0.2840186915887852,23.794392523364486
2019-02-21,0.05990740740740739,8.657407407407407
2019-02-22,0.00017857142857142857,14.401785714285714
2019-02-23,0.38028846153846135,30.64423076923077
2019-02-24,0.46939393939393936,12.474747474747474
2019-02-25,0.0008653846153846155,0.40384615384615385
2019-02-26,0.00018518518518518518,6.388888888888889
2019-02-27,0.0029357798165137615,9.385321100917432
2019-02-28,0.0008181818181818183,8.627272727272727
2019-03-01,0.004678899082568809,15.55045871559633
2019-03-02,0.010094339622641514,9.981132075471699
2019-03-03,0.004423076923076924,-3.798076923076923
2019-03-04,0.00045045045045045046,-5.351351351351352
2019-03-05,0.0,5.491228070175438
2019-03-06,0.0,5.587719298245614
2019-03-07,0.02098214285714286,13.928571428571429
2019-03-08,0.04027027027027024,24.08108108108108
2019-03-09,0.1297115384615385,32.45192307692308
2019-03-10,0.6559803921568625,24.470588235294116
2019-03-11,0.00018867924528301886,24.933962264150942
2019-03-12,0.033035714285714286,30.955357142857142
2019-03-13,0.47788990825688066,40.6605504587156
2019-03-14,0.3607619047619047,42.13333333333333
2019-03-15,0.062336448598130846,30.121495327102803
2019-03-16,0.0005607476635514019,27.121495327102803
2019-03-17,0.010192307692307693,28.048076923076923
2019-03-18,0.0,27.236363636363638
2019-03-19,8.928571428571429e-05,30.776785714285715
2019-03-20,0.07767857142857142,33.919642857142854
2019-03-21,0.0,32.825688073394495
2019-03-22,0.0,32.464285714285715
2019-03-23,0.0008737864077669904,33.04854368932039
2019-03-24,0.07558823529411761,41.6764705882353
2019-03-25,0.05339805825242718,34.737864077669904
2019-03-26,0.001238938053097345,31.97345132743363
2019-03-27,0.0,43.432432432432435
2019-03-28,0.00017543859649122808,41.973684210526315
2019-03-29,0.0272972972972973,36.153153153153156
2019-03-30,0.24428571428571433,33.114285714285714
2019-03-31,0.0005714285714285714,25.314285714285713
2019-04-01,0.0006363636363636363,34.654545454545456
2019-04-02,0.0667272727272727,34.20909090909091
2019-04-03,0.021454545454545452,33.78181818181818
2019-04-04,0.27267857142857144,42.044642857142854
2019-04-05,0.02973451327433627,43.88495575221239
2019-04-06,0.11192307692307692,48.81730769230769
2019-04-07,0.11682692307692305,53.25961538461539
2019-04-08,0.09155963302752294,46.46788990825688
2019-04-09,0.007678571428571429,44.24107142857143
2019-04-10,0.25607142857142856,39.38392857142857
2019-04-11,0.274,38.236363636363635
2019-04-12,0.09836363636363636,32.14545454545455
2019-04-13,0.008411214953271028,32.05607476635514
2019-04-14,9.259259259259259e-05,32.22222222222222
2019-04-15,0.0017857142857142859,37.625
2019-04-16,0.02151785714285714,49.419642857142854
2019-04-17,0.015596330275229359,55.055045871559635
2019-04-18,0.14618181818181814,42.945454545454545
2019-04-19,0.0026363636363636363,40.03636363636364
2019-04-20,0.0001923076923076923,43.625
2019-04-21,0.0022857142857142855,57.24761904761905
2019-04-22,0.07527777777777779,56.72222222222222
2019-04-23,0.17009345794392522,45.1588785046729
2019-04-24,0.009642857142857144,46.32142857142857
2019-04-25,0.0569090909090909,49.82727272727273
2019-04-26,0.09385321100917432,44.43119266055046
2019-04-27,0.2825490196078432,41.57843137254902
2019-04-28,0.35090000000000005,35.04
2019-04-29,0.4856730769230771,45.61538461538461
2019-04-30,0.20388888888888893,46.02777777777778
2019-05-01,0.38441441441441443,43.468468468468465
2019-05-02,0.11518867924528295,45.235849056603776
2019-05-03,0.006944444444444444,42.851851851851855
2019-05-04,0.019238095238095238,46.00952380952381
2019-05-05,0.03819047619047618,53.32380952380952
2019-05-06,0.18925233644859815,51.14018691588785
2019-05-07,0.10036363636363632,48.71818181818182
2019-05-08,0.35935779816513763,45.77981651376147
2019-05-09,0.5874545454545453,40.85454545454545
2019-05-10,0.0007339449541284404,41.18348623853211
2019-05-11,0.02226415094339623,46.87735849056604
2019-05-12,0.15299065420560742,44.35514018691589
2019-05-13,0.03296296296296296,43.398148148148145
2019-05-14,0.09884955752212389,51.336283185840706
2019-05-15,0.09270270270270271,52.909909909909906
2019-05-16,0.02008849557522124,65.27433628318585
2019-05-17,0.45113043478260884,60.278260869565216
2019-05-18,0.2686792452830189,58.886792452830186
2019-05-19,0.8246226415094341,52.698113207547166
2019-05-20,0.04889908256880732,42.43119266055046
2019-05-21,0.19821428571428568,47.330357142857146
2019-05-22,0.7163716814159292,55.80530973451327
2019-05-23,0.04131578947368421,53.14035087719298
2019-05-24,1.0485087719298245,58.14912280701754
2019-05-25,0.276116504854369,64.48543689320388
2019-05-26,0.27495145631067963,60.48543689320388
2019-05-27,0.4919230769230771,63.74038461538461
2019-05-28,0.4688785046728971,54.13084112149533
2019-05-29,0.9668749999999998,58.160714285714285
2019-05-30,0.21578947368421056,58.94736842105263
2019-05-31,0.014424778761061952,60.8141592920354
2019-06-01,0.012075471698113212,63.264150943396224
2019-06-02,0.011603773584905662,56.85849056603774
2019-06-03,0.0018518518518518517,59.083333333333336
2019-06-04,0.20192660550458716,64.54128440366972
2019-06-05,0.2059821428571429,67.15178571428571
2019-06-06,0.03429906542056074,67.29906542056075
2019-06-07,0.02009090909090909,68.34545454545454
2019-06-08,0.0010679611650485437,66.67961165048544
2019-06-09,0.007788461538461539,65.0576923076923
2019-06-10,0.012293577981651376,57.60550458715596
2019-06-11,0.018333333333333337,58.48245614035088
2019-06-12,0.18675675675675674,57.387387387387385
2019-06-13,0.0518018018018018,52.927927927927925
2019-06-14,0.00045871559633027525,63.211009174311926
2019-06-15,0.07209523809523807,65.86666666666666
2019-06-16,0.5286666666666666,62.34285714285714
2019-06-17,0.0194392523364486,62.45794392523364
2019-06-18,0.19464285714285712,62.92857142857143
2019-06-19,0.16678571428571431,62.526785714285715
2019-06-20,0.17566371681415924,61.38053097345133
2019-06-21,0.2015929203539822,63.68141592920354
2019-06-22,0.370925925925926,62.657407407407405
2019-06-23,0.5008411214953269,66.37383177570094
2019-06-24,0.22906542056074763,63.38317757009346
2019-06-25,0.07353982300884954,65.38053097345133
2019-06-26,0.1299082568807339,65.23853211009174
2019-06-27,0.052543859649122795,70.6140350877193
2019-06-28,0.30999999999999994,73.60526315789474
2019-06-29,0.16747663551401865,73.73831775700934
2019-06-30,0.011495327102803737,77.70093457943925
2019-07-01,0.23799019607843142,72.99019607843137
2019-07-02,0.14336492890995264,75.1090047393365
2019-07-03,0.25238095238095243,72.53809523809524
2019-07-04,0.24317073170731712,72.27317073170731
2019-07-05,0.19995169082125608,72.7487922705314
2019-07-06,0.11515151515151514,72.1010101010101
2019-07-07,0.02948979591836734,68.74489795918367
2019-07-08,0.0016097560975609755,68.31219512195122
2019-07-09,0.013106796116504857,71.02912621359224
2019-07-10,0.11366666666666667,73.62857142857143
2019-07-11,0.02449760765550239,68.94258373205741
2019-07-12,0.001796116504854369,66.8883495145631
2019-07-13,0.03614213197969543,71.93401015228426
2019-07-14,0.03225641025641025,74.13846153846154
2019-07-15,0.036815920398009946,73.69651741293532
2019-07-16,0.15097560975609758,71.96585365853659
2019-07-17,0.23362745098039206,73.3970588235294
2019-07-18,0.471527093596059,75.95566502463055
2019-07-19,0.13529411764705881,79.74509803921569
2019-07-20,0.017179487179487175,78.42564102564103
2019-07-21,0.2897916666666666,70.93229166666667
2019-07-22,0.13430051813471502,65.79792746113989
2019-07-23,0.016878048780487803,61.482926829268294
2019-07-24,0.002980769230769231,63.24519230769231
2019-07-25,0.0030434782608695656,64.44444444444444
2019-07-26,0.04120192307692307,68.95673076923077
2019-07-27,0.0017961165048543694,71.02912621359224
2019-07-28,0.011960784313725485,71.81372549019608
2019-07-29,0.2673557692307693,69.60096153846153
2019-07-30,0.09704761904761906,63.89047619047619
2019-07-31,0.02215962441314555,62.32394366197183
2019-08-01,0.07559241706161138,62.834123222748815
2019-08-02,0.0001923076923076923,64.05288461538461
2019-08-03,0.0013197969543147208,66.92893401015229
2019-08-04,0.00047368421052631577,67.39473684210526
2019-08-05,0.009754901960784313,69.25980392156863
2019-08-06,0.30669856459330147,67.4401913875598
2019-08-07,0.034708737864077674,67.03398058252426
2019-08-08,0.009317073170731707,68.01951219512195
2019-08-09,0.012995169082125602,63.009661835748794
2019-08-10,0.012623762376237625,66.0940594059406
2019-08-11,0.11287878787878786,70.08080808080808
2019-08-12,0.29527093596059106,70.92118226600985
2019-08-13,0.3995145631067962,70.33495145631068
2019-08-14,0.02806763285024154,64.95169082125604
2019-08-15,0.010285714285714287,62.15714285714286
2019-08-16,0.021394230769230766,66.05288461538461
2019-08-17,0.11087628865979383,67.0
2019-08-18,0.5406701030927836,68.27319587628865
2019-08-19,0.09477611940298514,67.59203980099502
2019-08-20,0.39136585365853654,70.89268292682927
2019-08-21,0.33123809523809533,68.22380952380952
2019-08-22,0.23789473684210521,62.87081339712919
2019-08-23,0.05443396226415094,60.95283018867924
2019-08-24,0.00014634146341463414,59.239024390243905
2019-08-25,0.013553299492385788,61.421319796954315
2019-08-26,0.3570531400966185,65.95169082125604
2019-08-27,0.18478672985781983,62.96208530805687
2019-08-28,0.0009813084112149533,58.07943925233645
2019-08-29,0.019056603773584903,62.551886792452834
2019-08-30,0.049380952380952366,60.53333333333333
2019-08-31,0.020974358974358977,60.21025641025641
2019-09-01,0.14603658536585362,61.66463414634146
2019-09-02,0.02555555555555555,65.33333333333333
2019-09-03,0.07483333333333331,69.66666666666667
2019-09-04,0.07366666666666667,58.55
2019-09-05,0.0,58.05263157894737
2019-09-06,0.00011299435028248587,63.77401129943503
2019-09-07,0.0057714285714285714,58.76571428571429
2019-09-08,0.35447674418604636,61.20348837209303
2019-09-09,0.1127840909090909,64.49431818181819
2019-09-10,0.36587570621468946,70.58757062146893
2019-09-11,0.2524712643678161,71.02873563218391
2019-09-12,0.34251428571428577,70.66857142857143
2019-09-13,0.5542857142857142,63.38095238095238
2019-09-14,0.008098159509202455,58.67484662576687
2019-09-15,0.3996319018404908,67.0920245398773
2019-09-16,0.07947674418604653,67.29069767441861
2019-09-17,0.0007386363636363636,67.35227272727273
2019-09-18,0.06491620111731844,66.93854748603351
2019-09-19,0.21418994413407835,66.71508379888269
2019-09-20,0.21205882352941174,68.75294117647059
2019-09-21,0.06686046511627906,71.3313953488372
2019-09-22,0.741497005988024,66.67664670658682
2019-09-23,0.45431137724550924,57.51497005988024
2019-09-24,0.0008875739644970414,60.27810650887574
2019-09-25,0.17335227272727272,62.14772727272727
2019-09-26,0.0033898305084745766,53.779661016949156
2019-09-27,0.05616279069767441,62.71511627906977
2019-09-28,0.8055113636363639,58.4375
2019-09-29,0.47841176470588254,61.77058823529412
2019-09-30,0.2902272727272729,70.26704545454545
