date,iowa_precip,iowa_temp
2014-01-01,0.0804424778761062,3.5486725663716814
2014-01-02,0.04648648648648649,-1.2162162162162162
2014-01-03,0.00017391304347826088,2.8434782608695652
2014-01-04,0.003363636363636364,23.445454545454545
2014-01-05,0.015321100917431194,-0.5412844036697247
2014-01-06,0.0010256410256410256,-15.384615384615385
2014-01-07,0.0,-2.572649572649573
2014-01-08,0.0,2.948717948717949
2014-01-09,0.0004166666666666667,5.675
2014-01-10,0.011779661016949154,26.864406779661017
2014-01-11,0.04126126126126123,25.54054054054054
2014-01-12,0.00044642857142857147,33.142857142857146
2014-01-13,0.0003418803418803419,31.914529914529915
2014-01-14,0.022288135593220338,29.322033898305083
2014-01-15,0.005677966101694917,9.864406779661017
2014-01-16,0.003305084745762713,30.093220338983052
2014-01-17,0.015384615384615392,6.444444444444445
2014-01-18,0.025,23.836206896551722
2014-01-19,0.023482142857142858,23.910714285714285
2014-01-20,0.003983050847457627,25.127118644067796
2014-01-21,0.04465517241379309,-5.129310344827586
2014-01-22,0.001206896551724138,9.724137931034482
2014-01-23,0.0004237288135593221,-8.110169491525424
2014-01-24,0.0004347826086956522,14.68695652173913
2014-01-25,0.01035714285714286,18.267857142857142
2014-01-26,0.04437499999999999,29.25
2014-01-27,0.013097345132743366,-5.849557522123894
2014-01-28,0.0,-7.939655172413793
2014-01-29,0.0,3.4237288135593222
2014-01-30,0.02495726495726495,27.555555555555557
2014-01-31,0.025892857142857145,5.508928571428571
2014-02-01,0.11533333333333333,12.333333333333334
2014-02-02,0.007943925233644861,-3.130841121495327
2014-02-03,0.0,-0.10714285714285714
2014-02-04,0.018879310344827586,12.10344827586207
2014-02-05,0.14857142857142855,1.9732142857142858
2014-02-06,0.004867256637168142,-9.371681415929203
2014-02-07,8.849557522123894e-05,-5.106194690265487
2014-02-08,0.020288461538461536,9.692307692307692
2014-02-09,0.04686274509803919,-0.7058823529411765
2014-02-10,0.0014150943396226416,-12.70754716981132
2014-02-11,0.0,-7.926605504587156
2014-02-12,0.01895652173913044,13.339130434782609
2014-02-13,0.02631578947368421,22.04385964912281
2014-02-14,0.06539823008849553,9.867256637168142
2014-02-15,0.03201834862385319,8.98165137614679
2014-02-16,0.07055555555555552,17.00925925925926
2014-02-17,0.11822429906542059,24.785046728971963
2014-02-18,0.14794642857142856,31.848214285714285
2014-02-19,0.0014655172413793104,27.362068965517242
2014-02-20,0.225304347826087,33.47826086956522
2014-02-21,0.4405263157894735,18.780701754385966
2014-02-22,9.174311926605505e-05,19.422018348623855
2014-02-23,0.0,11.63302752293578
2014-02-24,0.0025438596491228075,11.587719298245615
2014-02-25,0.05646017699115043,1.336283185840708
2014-02-26,0.00036363636363636367,-3.3727272727272726
2014-02-27,0.0,-3.643478260869565
2014-02-28,0.0034745762711864405,8.864406779661017
2014-03-01,0.07733944954128437,6.128440366972477
2014-03-02,0.13527272727272732,-6.972727272727273
2014-03-03,0.002678571428571429,-7.678571428571429
2014-03-04,0.016347826086956525,8.626086956521739
2014-03-05,0.03739130434782608,17.6
2014-03-06,0.015565217391304354,18.417391304347827
2014-03-07,8.849557522123894e-05,29.61946902654867
2014-03-08,0.0022935779816513763,22.009174311926607
2014-03-09,0.0,25.4070796460177
2014-03-10,0.0002654867256637168,39.61946902654867
2014-03-11,0.006000000000000002,38.04347826086956
2014-03-12,0.03754385964912281,26.5
2014-03-13,8.849557522123894e-05,29.4070796460177
2014-03-14,0.0,38.208695652173915
2014-03-15,0.0010377358490566038,29.849056603773583
2014-03-16,0.051891891891891834,21.08108108108108
2014-03-17,9.009009009009009e-05,23.216216216216218
2014-03-18,0.0028318584070796465,33.67256637168141
2014-03-19,0.06598214285714281,31.955357142857142
2014-03-20,0.005175438596491229,28.412280701754387
2014-03-21,0.0,33.19469026548673
2014-03-22,0.0,21.063063063063062
2014-03-23,0.0,15.601851851851851
2014-03-24,0.003928571428571429,24.098214285714285
2014-03-25,0.01584070796460178,18.805309734513273
2014-03-26,0.0008771929824561404,23.68421052631579
2014-03-27,0.06456896551724135,38.68103448275862
2014-03-28,0.2622413793103449,30.724137931034484
2014-03-29,0.0,29.672897196261683
2014-03-30,0.0,40.321100917431195
2014-03-31,0.015929203539823012,48.52212389380531
2014-04-01,0.03080357142857141,24.107142857142858
2014-04-02,0.004608695652173913,31.191304347826087
2014-04-03,0.12576271186440677,36.610169491525426
2014-04-04,0.22108108108108104,31.873873873873872
2014-04-05,0.0007339449541284404,28.486238532110093
2014-04-06,0.0029090909090909093,42.29090909090909
2014-04-07,0.014000000000000005,40.495652173913044
2014-04-08,0.0181896551724138,38.13793103448276
2014-04-09,0.0,36.504347826086956
2014-04-10,8.695652173913044e-05,49.36521739130435
2014-04-11,0.0,42.35087719298246
2014-04-12,0.011351351351351355,55.67567567567568
2014-04-13,0.4712612612612613,48.270270270270274
2014-04-14,1.2487387387387385,29.34234234234234
2014-04-15,0.0010526315789473684,24.464912280701753
2014-04-16,0.002719298245614035,39.69298245614035
2014-04-17,0.010862068965517243,33.12931034482759
2014-04-18,0.002456140350877193,34.41228070175438
2014-04-19,0.0,47.84403669724771
2014-04-20,0.025277777777777777,57.31481481481482
2014-04-21,0.2687610619469026,57.36283185840708
2014-04-22,0.06947826086956523,41.2
2014-04-23,0.009912280701754386,45.56140350877193
2014-04-24,0.3151351351351352,46.47747747747748
2014-04-25,0.3205357142857143,43.5625
2014-04-26,9.090909090909092e-05,49.0
2014-04-27,0.15145454545454543,48.445454545454545
2014-04-28,0.8625217391304347,51.56521739130435
2014-04-29,0.2821367521367521,44.15384615384615
2014-04-30,0.16836206896551717,38.16379310344828
2014-05-01,0.1822608695652174,40.6695652173913
2014-05-02,0.00930434782608696,42.77391304347826
2014-05-03,0.0025892857142857145,46.107142857142854
2014-05-04,0.02294642857142857,45.973214285714285
2014-05-05,0.012173913043478262,47.18260869565217
2014-05-06,0.0,49.28947368421053
2014-05-07,0.007079646017699116,60.64601769911504
2014-05-08,0.04591304347826087,64.87826086956522
2014-05-09,0.16556521739130425,50.26086956521739
2014-05-10,0.030283018867924512,52.79245283018868
2014-05-11,0.10650485436893205,57.87378640776699
2014-05-12,1.1168421052631576,60.62280701754386
2014-05-13,0.4302586206896549,46.12931034482759
2014-05-14,0.0013913043478260868,42.03478260869565
2014-05-15,0.03709401709401709,41.17948717948718
2014-05-16,0.10605263157894736,38.29824561403509
2014-05-17,0.006036036036036038,41.612612612612615
2014-05-18,9.174311926605505e-05,49.38532110091743
2014-05-19,0.029553571428571426,56.910714285714285
2014-05-20,0.03913793103448275,64.06896551724138
2014-05-21,0.16153153153153152,61.34234234234234
2014-05-22,0.006491228070175438,55.43859649122807
2014-05-23,0.044122807017543855,55.58771929824562
2014-05-24,0.0002777777777777778,58.99074074074074
2014-05-25,0.02531249999999999,62.645833333333336
2014-05-26,0.2001834862385321,66.14678899082568
2014-05-27,0.22342105263157913,65.83333333333333
2014-05-28,0.09084745762711864,64.80508474576271
2014-05-29,0.01982456140350877,63.12280701754386
2014-05-30,0.0013157894736842107,67.8859649122807
2014-05-31,0.034678899082568805,69.0091743119266
2014-06-01,0.2239090909090909,70.72727272727273
2014-06-02,0.6674782608695653,65.37391304347825
2014-06-03,0.052434782608695656,61.7304347826087
2014-06-04,1.0040869565217392,63.6695652173913
2014-06-05,0.007631578947368424,61.14035087719298
2014-06-06,0.04132743362831858,62.78761061946903
2014-06-07,0.0861111111111111,63.333333333333336
2014-06-08,0.4805504587155964,58.00917431192661
2014-06-09,0.022920353982300884,59.83185840707964
2014-06-10,0.03301724137931034,60.87068965517241
2014-06-11,0.0661206896551724,61.05172413793103
2014-06-12,0.002719298245614035,61.51754385964912
2014-06-13,0.0038596491228070177,53.64912280701754
2014-06-14,0.08243243243243244,61.13513513513514
2014-06-15,0.6519642857142859,66.16964285714286
2014-06-16,0.09178571428571428,65.55357142857143
2014-06-17,1.6110526315789473,66.28947368421052
2014-06-18,0.24629310344827585,71.79310344827586
2014-06-19,0.4724107142857142,70.74107142857143
2014-06-20,0.8168103448275864,66.86206896551724
2014-06-21,0.24846846846846848,69.11711711711712
2014-06-22,0.2916666666666667,67.98148148148148
2014-06-23,0.4593636363636363,66.31818181818181
2014-06-24,0.008558558558558558,65.46846846846847
2014-06-25,0.007927927927927928,65.64864864864865
2014-06-26,0.10227272727272725,68.49090909090908
2014-06-27,0.6011304347826086,69.2695652173913
2014-06-28,0.2396330275229357,71.61467889908256
2014-06-29,0.660566037735849,68.05660377358491
2014-06-30,0.6759821428571431,69.4375
2014-07-01,0.9915789473684208,63.771929824561404
2014-07-02,0.01646017699115045,56.94690265486726
2014-07-03,0.008558558558558561,56.531531531531535
2014-07-04,0.008000000000000002,61.336363636363636
2014-07-05,0.38981481481481484,64.22222222222223
2014-07-06,0.3584112149532711,70.98130841121495
2014-07-07,0.04136363636363636,68.89090909090909
2014-07-08,0.07097345132743361,65.29203539823008
2014-07-09,0.0,60.94736842105263
2014-07-10,0.0019469026548672567,64.38053097345133
2014-07-11,0.04350877192982456,66.83333333333333
2014-07-12,0.40740740740740733,70.54629629629629
2014-07-13,0.48697247706422025,67.39449541284404
2014-07-14,0.02099099099099099,61.6036036036036
2014-07-15,0.005398230088495575,54.91150442477876
2014-07-16,0.0002631578947368421,55.39473684210526
2014-07-17,0.0,57.389380530973455
2014-07-18,0.0,60.964285714285715
2014-07-19,0.0,63.944954128440365
2014-07-20,0.0,66.8348623853211
2014-07-21,0.0,70.95575221238938
2014-07-22,0.005892857142857143,75.58035714285714
2014-07-23,0.017876106194690263,65.04424778761062
2014-07-24,0.010263157894736844,61.81578947368421
2014-07-25,0.3235593220338983,65.28813559322033
2014-07-26,0.16785714285714284,69.53571428571429
2014-07-27,0.010625,66.63392857142857
2014-07-28,0.0008771929824561403,59.48245614035088
2014-07-29,0.0016666666666666668,57.59649122807018
2014-07-30,0.0004347826086956522,58.47826086956522
2014-07-31,0.0,59.47747747747748
2014-08-01,0.020088495575221244,62.02654867256637
2014-08-02,0.017589285714285717,62.901785714285715
2014-08-03,0.09150943396226417,65.77358490566037
2014-08-04,0.04469026548672566,66.69911504424779
2014-08-05,0.11226086956521737,65.01739130434783
2014-08-06,0.44146551724137945,65.42241379310344
2014-08-07,0.4599999999999999,65.68141592920354
2014-08-08,0.09808695652173917,65.97391304347826
2014-08-09,0.024909090909090898,66.31818181818181
2014-08-10,0.03863636363636363,65.56363636363636
2014-08-11,0.11584070796460179,63.56637168141593
2014-08-12,0.0011965811965811968,57.36752136752137
2014-08-13,0.0,57.530973451327434
2014-08-14,0.0005982905982905984,60.60683760683761
2014-08-15,0.08894736842105264,64.71929824561404
2014-08-16,0.43869565217391315,67.06086956521739
2014-08-17,0.0468695652173913,66.51304347826087
2014-08-18,0.0535593220338983,67.86440677966101
2014-08-19,0.07999999999999997,67.5982905982906
2014-08-20,0.16850877192982452,66.79824561403508
2014-08-21,0.2128205128205128,73.28205128205128
2014-08-22,0.2464347826086956,72.62608695652175
2014-08-23,0.7186486486486485,71.5945945945946
2014-08-24,0.4050877192982457,72.93859649122807
2014-08-25,0.15608695652173915,71.23478260869565
2014-08-26,0.2770000000000001,65.01666666666667
2014-08-27,0.0844067796610169,64.2542372881356
2014-08-28,0.4920168067226891,66.23529411764706
2014-08-29,0.6663025210084037,68.15966386554622
2014-08-30,0.42136752136752137,66.38461538461539
2014-08-31,0.061810344827586176,66.89655172413794
2014-09-01,0.8103539823008852,65.75221238938053
2014-09-02,0.09617391304347823,60.504347826086956
2014-09-03,0.024827586206896554,63.62931034482759
2014-09-04,0.08247863247863246,73.11965811965813
2014-09-05,0.1498319327731092,61.445378151260506
2014-09-06,0.09991379310344828,51.93103448275862
2014-09-07,0.006608695652173913,53.86086956521739
2014-09-08,0.035677966101694915,56.47457627118644
2014-09-09,0.31808333333333316,64.96666666666667
2014-09-10,1.576,63.19166666666667
2014-09-11,0.00766666666666667,47.78333333333333
2014-09-12,0.19100840336134461,44.773109243697476
2014-09-13,0.10059829059829059,38.623931623931625
2014-09-14,8.695652173913044e-05,48.165217391304346
2014-09-15,0.0910344827586207,52.491379310344826
2014-09-16,0.07181034482758622,42.310344827586206
2014-09-17,0.0005084745762711864,52.220338983050844
2014-09-18,0.0002542372881355932,52.73728813559322
2014-09-19,0.020258620689655175,57.51724137931034
2014-09-20,0.3309565217391304,64.94782608695652
2014-09-21,0.06149122807017542,54.26315789473684
2014-09-22,0.0003448275862068966,47.08620689655172
2014-09-23,0.006271186440677966,51.66101694915254
2014-09-24,0.1592173913043478,57.29565217391304
2014-09-25,0.05286956521739129,59.530434782608694
2014-09-26,0.0029914529914529912,58.547008547008545
2014-09-27,0.0827927927927928,60.77477477477478
2014-09-28,0.004311926605504587,57.669724770642205
2014-09-29,0.011666666666666665,57.69298245614035
2014-09-30,0.02347826086956522,54.55652173913043
2014-10-01,0.5875862068965517,56.75
2014-10-02,0.19294117647058817,59.84033613445378
2014-10-03,0.45831932773109235,45.45378151260504
2014-10-04,0.006034482758620691,35.46551724137931
2014-10-05,0.0024561403508771926,42.05263157894737
2014-10-06,0.009913043478260872,44.130434782608695
2014-10-07,0.006250000000000002,50.25833333333333
2014-10-08,0.004132231404958677,43.247933884297524
2014-10-09,0.13586776859504127,47.31404958677686
2014-10-10,0.008688524590163936,38.39344262295082
2014-10-11,0.0,35.162393162393165
2014-10-12,0.002564102564102564,41.68376068376068
2014-10-13,0.13907563025210076,51.890756302521005
2014-10-14,1.1380991735537196,49.289256198347104
2014-10-15,0.1515702479338843,43.1900826446281
2014-10-16,0.0002459016393442623,43.25409836065574
2014-10-17,0.0,50.2
2014-10-18,0.0005882352941176471,42.12605042016807
2014-10-19,0.0,42.67796610169491
2014-10-20,0.0,45.81147540983606
2014-10-21,0.0,40.11666666666667
2014-10-22,0.007916666666666666,44.44166666666667
2014-10-23,0.26819672131147543,50.885245901639344
2014-10-24,0.046864406779661,52.847457627118644
2014-10-25,0.002844827586206897,48.5
2014-10-26,0.0,46.504273504273506
2014-10-27,8.264462809917356e-05,54.17355371900826
2014-10-28,0.0004166666666666667,43.06666666666667
2014-10-29,0.0,37.603305785123965
2014-10-30,0.0011570247933884298,39.247933884297524
2014-10-31,0.0002459016393442623,28.081967213114755
2014-11-01,0.0,24.29059829059829
2014-11-02,0.0,41.25217391304348
2014-11-03,0.006554621848739496,47.747899159663866
2014-11-04,0.05760330578512396,40.3801652892562
2014-11-05,0.0011764705882352942,40.09243697478992
2014-11-06,0.01362068965517242,36.68103448275862
2014-11-07,0.0,33.53389830508475
2014-11-08,0.0011304347826086958,38.095652173913045
2014-11-09,0.00035087719298245617,38.59649122807018
2014-11-10,0.0006837606837606838,40.84615384615385
2014-11-11,0.02789915966386552,23.092436974789916
2014-11-12,0.0035593220338983053,16.6864406779661
2014-11-13,0.001271186440677966,18.6864406779661
2014-11-14,0.00016666666666666666,10.058333333333334
2014-11-15,0.012844827586206899,18.086206896551722
2014-11-16,0.14203539823008857,13.08849557522124
2014-11-17,0.003947368421052632,8.429824561403509
2014-11-18,0.0004132231404958678,9.165289256198347
2014-11-19,0.0001639344262295082,22.15573770491803
2014-11-20,0.0,12.40983606557377
2014-11-21,0.0006666666666666666,14.216666666666667
2014-11-22,0.01850877192982456,38.14035087719298
2014-11-23,0.07104347826086956,47.74782608695652
2014-11-24,0.30726495726495723,24.76923076923077
2014-11-25,0.012479338842975212,15.87603305785124
2014-11-26,0.08448275862068963,25.448275862068964
2014-11-27,0.04105263157894734,6.324561403508772
2014-11-28,0.0002608695652173913,20.608695652173914
2014-11-29,0.0,32.6283185840708
2014-11-30,0.0,17.79310344827586
2014-12-01,0.0,9.302521008403362
2014-12-02,0.0,14.5
2014-12-03,0.0,20.12295081967213
2014-12-04,0.0,22.208333333333332
2014-12-05,0.0003333333333333333,31.125
2014-12-06,0.0008620689655172415,27.56896551724138
2014-12-07,0.0002608695652173913,28.68695652173913
2014-12-08,0.038333333333333316,34.108333333333334
2014-12-09,0.0003333333333333333,23.833333333333332
2014-12-10,0.0,26.454545454545453
2014-12-11,0.0,27.983333333333334
2014-12-12,0.00025,33.06666666666667
2014-12-13,0.001282051282051282,42.452991452991455
2014-12-14,0.006991150442477879,48.47787610619469
2014-12-15,0.13050847457627116,44.52542372881356
2014-12-16,0.28408333333333335,23.533333333333335
2014-12-17,0.00016666666666666666,14.35
2014-12-18,0.0021551724137931034,19.525862068965516
2014-12-19,0.00487603305785124,26.06611570247934
2014-12-20,0.0010344827586206897,29.482758620689655
2014-12-21,0.0033628318584070804,35.150442477876105
2014-12-22,0.048965517241379285,37.13793103448276
2014-12-23,0.412457627118644,34.601694915254235
2014-12-24,0.09177966101694915,32.19491525423729
2014-12-25,0.0,31.732758620689655
2014-12-26,0.0008547008547008547,32.376068376068375
2014-12-27,0.0632456140350877,25.473684210526315
2014-12-28,0.0015652173913043477,14.547826086956523
2014-12-29,0.0016949152542372883,17.6864406779661
2014-12-30,0.0014049586776859505,-1.165289256198347
2014-12-31,0.0004201680672268908,-0.2184873949579832
2015-01-01,0.0,15.182608695652174
2015-01-02,0.00017094017094017094,16.60683760683761
2015-01-03,0.012142857142857148,24.169642857142858
2015-01-04,0.08485981308411214,3.196261682242991
2015-01-05,0.0180672268907563,-2.504201680672269
2015-01-06,0.20271929824561402,-3.280701754385965
2015-01-07,0.0014406779661016948,-5.406779661016949
2015-01-08,0.0019491525423728814,4.135593220338983
2015-01-09,0.01095652173913044,0.6782608695652174
2015-01-10,0.0,4.0964912280701755
2015-01-11,0.0022413793103448275,11.706896551724139
2015-01-12,0.008260869565217393,6.086956521739131
2015-01-13,0.0,-6.042735042735043
2015-01-14,0.0,17.316239316239315
2015-01-15,0.0,20.64957264957265
2015-01-16,0.0,23.487179487179485
2015-01-17,0.0,36.741379310344826
2015-01-18,0.0005172413793103448,29.896551724137932
2015-01-19,0.006666666666666669,27.102564102564102
2015-01-20,0.012941176470588237,31.69747899159664
2015-01-21,0.03147826086956522,30.37391304347826
2015-01-22,0.0037931034482758634,26.71551724137931
2015-01-23,0.0,24.198275862068964
2015-01-24,0.00026785714285714287,28.866071428571427
2015-01-25,0.06828828828828824,31.2972972972973
2015-01-26,0.02704347826086955,29.347826086956523
2015-01-27,0.0047899159663865555,28.915966386554622
2015-01-28,0.0,29.2
2015-01-29,0.0,31.65546218487395
2015-01-30,0.00025210084033613445,15.991596638655462
2015-01-31,0.01793103448275862,28.629310344827587
2015-02-01,0.7516964285714284,21.598214285714285
2015-02-02,0.15899999999999992,-2.690909090909091
2015-02-03,0.0010256410256410256,7.111111111111111
2015-02-04,0.024067796610169494,13.025423728813559
2015-02-05,0.042499999999999996,-7.241379310344827
2015-02-06,0.0,18.879310344827587
2015-02-07,0.0,28.743362831858406
2015-02-08,0.00956140350877193,33.00877192982456
2015-02-09,0.002608695652173913,27.295652173913044
2015-02-10,0.0005084745762711864,23.83050847457627
2015-02-11,0.003189655172413793,22.71551724137931
2015-02-12,0.0003418803418803419,2.9316239316239314
2015-02-13,0.0024576271186440676,16.338983050847457
2015-02-14,0.0004347826086956522,12.956521739130435
2015-02-15,0.0,4.373913043478261
2015-02-16,0.0,12.086206896551724
2015-02-17,0.0005,10.725
2015-02-18,0.002268907563025211,-1.2941176470588236
2015-02-19,0.0,-3.5762711864406778
2015-02-20,0.0018803418803418808,14.504273504273504
2015-02-21,0.0007826086956521738,22.93913043478261
2015-02-22,8.771929824561404e-05,3.1842105263157894
2015-02-23,0.0,-3.7288135593220337
2015-02-24,0.0,18.940677966101696
2015-02-25,0.02627118644067797,18.06779661016949
2015-02-26,0.19076271186440685,-1.5169491525423728
2015-02-27,0.0,-10.100840336134453
2015-02-28,0.0005172413793103448,-2.0258620689655173
2015-03-01,0.005826086956521741,15.017391304347827
2015-03-02,0.0021008403361344537,11.22689075630252
2015-03-03,0.04318965517241378,25.96551724137931
2015-03-04,0.005470085470085471,8.179487179487179
2015-03-05,0.00033898305084745765,-1.305084745762712
2015-03-06,0.0,18.54700854700855
2015-03-07,0.001282051282051282,33.324786324786324
2015-03-08,0.00905982905982906,32.93162393162393
2015-03-09,8.547008547008547e-05,30.45299145299145
2015-03-10,0.0,34.93333333333333
2015-03-11,0.0,35.08403361344538
2015-03-12,0.0,38.59166666666667
2015-03-13,0.0,40.083333333333336
2015-03-14,0.0,36.89655172413793
2015-03-15,0.0,40.58974358974359
2015-03-16,0.0,49.37391304347826
2015-03-17,0.0,33.771186440677965
2015-03-18,0.0,34.10344827586207
2015-03-19,0.0,35.837606837606835
2015-03-20,0.00025,33.425
2015-03-21,0.0,36.08620689655172
2015-03-22,0.002478632478632479,34.05982905982906
2015-03-23,0.0907563025210084,30.07563025210084
2015-03-24,0.03466666666666666,29.758333333333333
2015-03-25,0.34389830508474567,33.610169491525426
2015-03-26,0.0005833333333333334,28.108333333333334
2015-03-27,0.0010743801652892562,22.644628099173552
2015-03-28,0.002280701754385965,28.166666666666668
2015-03-29,0.019636363636363643,37.836363636363636
2015-03-30,0.008434782608695653,38.243478260869566
2015-03-31,0.0,40.91379310344828
2015-04-01,0.0075630252100840345,50.747899159663866
2015-04-02,0.41025210084033575,50.529411764705884
2015-04-03,0.011949152542372889,35.932203389830505
2015-04-04,0.0,35.38260869565217
2015-04-05,0.0,43.35087719298246
2015-04-06,0.0005982905982905984,46.52136752136752
2015-04-07,0.026470588235294103,43.94957983193277
2015-04-08,0.18766666666666676,42.275
2015-04-09,0.31083333333333335,46.46666666666667
2015-04-10,0.369406779661017,38.440677966101696
2015-04-11,0.0,39.68103448275862
2015-04-12,0.013675213675213679,52.1025641025641
2015-04-13,0.3350000000000001,46.26271186440678
2015-04-14,8.333333333333333e-05,41.166666666666664
2015-04-15,0.0016666666666666668,47.05
2015-04-16,0.009256198347107438,51.35537190082645
2015-04-17,0.0,52.30508474576271
2015-04-18,0.06273504273504274,56.957264957264954
2015-04-19,0.5553389830508471,53.3728813559322
2015-04-20,0.5402521008403363,40.99159663865546
2015-04-21,0.004416666666666667,36.725
2015-04-22,0.0009401709401709402,33.58974358974359
2015-04-23,0.0,35.58974358974359
2015-04-24,0.04177966101694915,47.03389830508475
2015-04-25,0.40072727272727277,44.372727272727275
2015-04-26,0.08486486486486483,40.072072072072075
2015-04-27,0.00016949152542372882,40.855932203389834
2015-04-28,0.0,44.48717948717949
2015-04-29,0.0006666666666666666,47.65
2015-04-30,0.0004201680672268908,45.57983193277311
2015-05-01,0.0164957264957265,47.22222222222222
2015-05-02,0.029051724137931032,53.96551724137931
2015-05-03,0.09132743362831855,59.56637168141593
2015-05-04,0.2752991452991452,58.0
2015-05-05,0.44806722689075623,57.529411764705884
2015-05-06,0.0810833333333333,61.075
2015-05-07,0.285,63.29824561403509
2015-05-08,0.16361344537815126,55.8235294117647
2015-05-09,0.011880341880341884,51.452991452991455
2015-05-10,0.04258620689655172,58.44827586206897
2015-05-11,0.2994166666666667,47.03333333333333
2015-05-12,0.0023076923076923075,43.2991452991453
2015-05-13,0.0,48.21848739495798
2015-05-14,0.3013333333333333,52.175
2015-05-15,0.4088333333333333,57.88333333333333
2015-05-16,0.13201754385964906,64.85087719298245
2015-05-17,0.42289473684210543,63.219298245614034
2015-05-18,0.10743589743589742,45.863247863247864
2015-05-19,0.00016949152542372882,40.271186440677965
2015-05-20,0.0789915966386555,45.142857142857146
2015-05-21,0.11848739495798317,44.87394957983193
2015-05-22,0.0017796610169491525,51.16949152542373
2015-05-23,0.00641025641025641,57.452991452991455
2015-05-24,0.3073684210526316,59.37719298245614
2015-05-25,0.4551754385964913,63.08771929824562
2015-05-26,0.4082051282051283,60.88034188034188
2015-05-27,0.35075630252100815,59.63025210084034
2015-05-28,0.005254237288135593,62.610169491525426
2015-05-29,0.1186440677966101,63.88135593220339
2015-05-30,0.1862393162393162,54.76923076923077
2015-05-31,0.01176991150442478,50.1858407079646
2015-06-01,0.0009482758620689655,52.88793103448276
2015-06-02,0.0,56.225
2015-06-03,0.06786324786324785,61.47008547008547
2015-06-04,0.05788135593220337,64.12711864406779
2015-06-05,0.008974358974358975,65.76923076923077
2015-06-06,0.03464912280701754,63.92982456140351
2015-06-07,0.5797391304347826,68.52173913043478
2015-06-08,0.12076923076923074,64.42735042735043
2015-06-09,0.001206896551724138,66.91379310344827
2015-06-10,0.004741379310344828,72.00862068965517
2015-06-11,0.5542982456140348,64.08771929824562
2015-06-12,1.1093859649122804,61.421052631578945
2015-06-13,0.0865137614678899,64.4770642201835
2015-06-14,0.15009259259259256,68.4074074074074
2015-06-15,0.5616071428571429,68.11607142857143
2015-06-16,0.37635593220338975,61.29661016949152
2015-06-17,0.03697478991596637,66.0
2015-06-18,0.03478991596638655,63.739495798319325
2015-06-19,0.004873949579831933,62.73109243697479
2015-06-20,0.11025641025641028,65.7008547008547
2015-06-21,0.34913793103448276,67.87931034482759
2015-06-22,0.23321739130434785,72.27826086956522
2015-06-23,0.40593220338983066,62.398305084745765
2015-06-24,0.21700000000000005,63.766666666666666
2015-06-25,0.7987179487179487,66.90598290598291
2015-06-26,0.0814529914529914,66.48717948717949
2015-06-27,0.09081081081081081,63.009009009009006
2015-06-28,0.1546902654867257,65.50442477876106
2015-06-29,0.13692307692307693,64.68376068376068
2015-06-30,0.05974789915966386,64.61344537815125
2015-07-01,0.06872881355932205,62.86440677966102
2015-07-02,0.03389830508474575,57.898305084745765
2015-07-03,0.006271186440677966,58.23728813559322
2015-07-04,0.0,60.88034188034188
2015-07-05,0.0006956521739130435,67.15652173913044
2015-07-06,0.40224137931034487,70.61206896551724
2015-07-07,0.5861864406779662,57.228813559322035
2015-07-08,0.0016806722689075633,57.142857142857146
2015-07-09,0.010854700854700859,59.794871794871796
2015-07-10,0.0,63.35344827586207
2015-07-11,0.35330508474576267,68.84745762711864
2015-07-12,0.23586206896551723,73.80172413793103
2015-07-13,0.01887931034482759,75.91379310344827
2015-07-14,0.01991525423728814,71.79661016949153
2015-07-15,0.008448275862068965,68.37068965517241
2015-07-16,0.9009401709401709,68.62393162393163
2015-07-17,0.26873949579831935,73.87394957983193
2015-07-18,0.04034782608695651,73.48695652173913
2015-07-19,0.011351351351351352,69.43243243243244
2015-07-20,0.0889565217391304,69.49565217391304
2015-07-21,0.08999999999999997,61.20338983050848
2015-07-22,0.0,62.35344827586207
2015-07-23,0.00017094017094017094,64.19658119658119
2015-07-24,0.052136752136752125,70.16239316239316
2015-07-25,0.36843478260869555,72.13913043478261
2015-07-26,0.5357391304347826,70.48695652173913
2015-07-27,0.21756521739130436,72.50434782608696
2015-07-28,0.66,71.84615384615384
2015-07-29,0.8642372881355933,66.88135593220339
2015-07-30,0.0,64.78813559322033
2015-07-31,0.00413793103448276,67.6896551724138
2015-08-01,0.006173913043478261,67.15652173913044
2015-08-02,0.023247863247863248,71.13675213675214
2015-08-03,0.07161016949152543,63.83898305084746
2015-08-04,0.01146551724137931,62.206896551724135
2015-08-05,0.06752066115702479,63.82644628099174
2015-08-06,0.005126050420168068,65.30252100840336
2015-08-07,0.008571428571428574,68.91596638655462
2015-08-08,0.030884955752212385,68.97345132743362
2015-08-09,0.7593043478260871,69.34782608695652
2015-08-10,0.2958119658119658,67.24786324786325
2015-08-11,0.008991596638655463,62.99159663865546
2015-08-12,0.0,63.04201680672269
2015-08-13,0.0,66.19658119658119
2015-08-14,0.001565217391304348,69.95652173913044
2015-08-15,0.00017094017094017094,68.35042735042735
2015-08-16,0.031810344827586205,69.85344827586206
2015-08-17,0.6480508474576272,67.72033898305085
2015-08-18,0.7188983050847455,64.95762711864407
2015-08-19,0.845677966101695,55.82203389830509
2015-08-20,0.021428571428571432,54.705882352941174
2015-08-21,0.0067226890756302525,62.27731092436975
2015-08-22,0.016666666666666666,65.28947368421052
2015-08-23,0.37344827586206897,57.19827586206897
2015-08-24,0.005338983050847458,52.067796610169495
2015-08-25,0.0,52.34188034188034
2015-08-26,0.0,52.583333333333336
2015-08-27,0.018448275862068965,57.98275862068966
2015-08-28,0.6344915254237288,62.271186440677965
2015-08-29,0.8712173913043484,62.31304347826087
2015-08-30,0.0022608695652173915,62.34782608695652
2015-08-31,0.0009401709401709401,65.05128205128206
2015-09-01,0.00035087719298245617,69.57894736842105
2015-09-02,0.11698275862068964,70.56896551724138
2015-09-03,0.03421052631578947,70.91228070175438
2015-09-04,0.006521739130434782,71.3391304347826
2015-09-05,0.00828828828828829,73.38738738738739
2015-09-06,0.02276785714285715,74.80357142857143
2015-09-07,0.6934821428571426,69.96428571428571
2015-09-08,0.49106194690265476,67.69911504424779
2015-09-09,0.06295652173913042,59.3304347826087
2015-09-10,0.0831304347826087,62.208695652173915
2015-09-11,0.1289380530973451,51.64601769911504
2015-09-12,0.001769911504424779,47.48672566371681
2015-09-13,0.0,49.473684210526315
2015-09-14,0.001293103448275862,59.922413793103445
2015-09-15,0.0008620689655172415,65.42241379310344
2015-09-16,0.0,66.6086956521739
2015-09-17,0.1323076923076923,70.07692307692308
2015-09-18,0.4070434782608698,59.18260869565217
2015-09-19,0.581875,50.25
2015-09-20,0.00036036036036036037,50.7027027027027
2015-09-21,8.547008547008547e-05,54.75213675213675
2015-09-22,0.0016379310344827587,62.30172413793103
2015-09-23,0.2029661016949152,63.6271186440678
2015-09-24,0.4558119658119658,62.8034188034188
2015-09-25,0.15344827586206894,61.258620689655174
2015-09-26,0.0002654867256637168,56.84070796460177
2015-09-27,0.0,58.785714285714285
2015-09-28,0.002695652173913044,60.93913043478261
2015-09-29,0.47632478632478625,55.99145299145299
2015-09-30,0.0432456140350877,44.53508771929825
2015-10-01,0.0,43.491379310344826
2015-10-02,0.0,41.924369747899156
2015-10-03,0.0,42.38260869565217
2015-10-04,0.0,44.99107142857143
2015-10-05,0.0,49.27350427350427
2015-10-06,0.0002542372881355932,54.47457627118644
2015-10-07,0.0,54.03478260869565
2015-10-08,0.0,58.64655172413793
2015-10-09,0.0016964285714285714,51.142857142857146
2015-10-10,0.0,45.151785714285715
2015-10-11,0.0,57.252252252252255
2015-10-12,0.0,57.03603603603604
2015-10-13,0.0,44.469026548672566
2015-10-14,0.0,42.08620689655172
2015-10-15,0.0,46.282051282051285
2015-10-16,0.0,36.45762711864407
2015-10-17,0.0,34.74561403508772
2015-10-18,0.0,40.3125
2015-10-19,0.0,56.3448275862069
2015-10-20,0.009316239316239315,56.9059829059829
2015-10-21,0.0924561403508772,56.24561403508772
2015-10-22,0.04278260869565215,47.0
2015-10-23,0.1475,54.75
2015-10-24,0.3928947368421053,50.06140350877193
2015-10-25,0.006106194690265487,36.91150442477876
2015-10-26,0.0,40.76521739130435
2015-10-27,0.053275862068965514,46.05172413793103
2015-10-28,0.7625210084033617,45.63865546218487
2015-10-29,0.0180701754385965,36.54385964912281
2015-10-30,0.00435897435897436,35.282051282051285
2015-10-31,0.2996610169491526,45.44915254237288
2015-11-01,0.04078260869565217,44.504347826086956
2015-11-02,0.0,49.97435897435897
2015-11-03,0.0,47.35294117647059
2015-11-04,0.0,54.88135593220339
2015-11-05,0.009831932773109245,56.49579831932773
2015-11-06,0.18285714285714283,39.42016806722689
2015-11-07,0.00017543859649122808,33.719298245614034
2015-11-08,0.0,35.98245614035088
2015-11-09,0.0,34.69827586206897
2015-11-10,0.0,36.456896551724135
2015-11-11,0.09070175438596491,45.51754385964912
2015-11-12,0.7787288135593219,38.610169491525426
2015-11-13,0.014741379310344829,32.060344827586206
2015-11-14,0.0,37.35897435897436
2015-11-15,0.004137931034482759,43.689655172413794
2015-11-16,0.1122222222222222,48.92307692307692
2015-11-17,0.5523529411764707,53.21848739495798
2015-11-18,0.6424137931034483,45.60344827586207
2015-11-19,0.10196581196581193,32.51282051282051
2015-11-20,0.04136752136752136,29.444444444444443
2015-11-21,0.4060526315789474,18.62280701754386
2015-11-22,0.00504424778761062,18.265486725663717
2015-11-23,0.0,27.136752136752136
2015-11-24,0.0,29.273504273504273
2015-11-25,0.0001724137931034483,42.422413793103445
2015-11-26,0.16955357142857144,39.392857142857146
2015-11-27,0.8587387387387386,25.414414414414413
2015-11-28,0.004017857142857143,22.616071428571427
2015-11-29,0.010973451327433627,28.964601769911503
2015-11-30,0.24429824561403524,32.13157894736842
2015-12-01,0.3645217391304348,28.304347826086957
2015-12-02,0.03542372881355932,29.559322033898304
2015-12-03,0.0021666666666666666,23.475
2015-12-04,0.0,27.66386554621849
2015-12-05,0.0,34.70175438596491
2015-12-06,0.006173913043478262,34.74782608695652
2015-12-07,0.0035593220338983053,33.50847457627118
2015-12-08,0.0,34.97435897435897
2015-12-09,0.0020168067226890756,34.79831932773109
2015-12-10,0.0018333333333333333,46.416666666666664
2015-12-11,0.0077966101694915265,35.38135593220339
2015-12-12,0.01076923076923077,39.205128205128204
2015-12-13,0.7993749999999998,46.642857142857146
2015-12-14,1.77070796460177,39.60176991150443
2015-12-15,0.1479661016949152,33.898305084745765
2015-12-16,0.03915254237288135,35.42372881355932
2015-12-17,0.004152542372881356,27.906779661016948
2015-12-18,0.0002542372881355932,19.11864406779661
2015-12-19,0.0002608695652173913,15.782608695652174
2015-12-20,0.0009482758620689654,36.96551724137931
2015-12-21,0.15313559322033898,33.41525423728814
2015-12-22,0.024482758620689653,29.448275862068964
2015-12-23,0.17042735042735038,38.87179487179487
2015-12-24,0.35834782608695653,28.217391304347824
2015-12-25,0.09290909090909091,26.236363636363638
2015-12-26,0.08910714285714284,31.928571428571427
2015-12-27,0.02387387387387387,22.864864864864863
2015-12-28,0.15206896551724136,21.46551724137931
2015-12-29,0.602086956521739,21.347826086956523
2015-12-30,0.02495726495726496,21.085470085470085
2015-12-31,0.006434782608695654,12.982608695652173
2016-01-01,0.0034821428571428573,18.9375
2016-01-02,0.00034782608695652176,14.052173913043479
2016-01-03,0.0,18.857142857142858
2016-01-04,0.0008403361344537816,17.10924369747899
2016-01-05,0.010084033613445377,18.66386554621849
2016-01-06,0.0007563025210084034,26.941176470588236
2016-01-07,0.058050847457627085,32.45762711864407
2016-01-08,0.2562280701754385,32.70175438596491
2016-01-09,0.06651785714285714,11.375
2016-01-10,0.00036036036036036037,-5.621621621621622
2016-01-11,0.0001680672268907563,8.436974789915967
2016-01-12,0.00991379310344828,0.47413793103448276
2016-01-13,0.0,15.579831932773109
2016-01-14,0.0,29.362068965517242
2016-01-15,8.403361344537815e-05,21.73949579831933
2016-01-16,0.000603448275862069,7.181034482758621
2016-01-17,0.00828828828828829,-8.441441441441441
2016-01-18,8.620689655172414e-05,-4.077586206896552
2016-01-19,0.005826086956521741,4.48695652173913
2016-01-20,0.0709401709401709,12.94017094017094
2016-01-21,0.0004201680672268908,15.403361344537815
2016-01-22,0.01327586206896552,18.603448275862068
2016-01-23,0.00026785714285714287,16.535714285714285
2016-01-24,0.0,24.01818181818182
2016-01-25,0.00593220338983051,25.703389830508474
2016-01-26,0.08596491228070174,24.859649122807017
2016-01-27,0.0,21.814814814814813
2016-01-28,0.0,30.516949152542374
2016-01-29,0.0,24.887931034482758
2016-01-30,0.0,29.28828828828829
2016-01-31,0.02214285714285714,33.4375
2016-02-01,0.006371681415929203,27.0
2016-02-02,0.1614678899082569,30.63302752293578
2016-02-03,0.4875221238938052,22.327433628318584
2016-02-04,0.0005454545454545455,15.336363636363636
2016-02-05,0.001391304347826087,13.486956521739131
2016-02-06,0.0034513274336283196,26.008849557522122
2016-02-07,9.009009009009009e-05,32.13513513513514
2016-02-08,0.01697247706422019,16.53211009174312
2016-02-09,0.012924528301886798,9.320754716981131
2016-02-10,0.004568965517241379,11.836206896551724
2016-02-11,0.01716814159292036,6.946902654867257
2016-02-12,0.03877192982456139,14.68421052631579
2016-02-13,0.0016071428571428571,2.1964285714285716
2016-02-14,0.07048543689320387,15.70873786407767
2016-02-15,0.05309090909090909,24.136363636363637
2016-02-16,0.08026548672566369,29.300884955752213
2016-02-17,0.007280701754385966,26.12280701754386
2016-02-18,0.0,32.525862068965516
2016-02-19,0.0,44.98275862068966
2016-02-20,0.005663716814159292,37.07079646017699
2016-02-21,0.015132743362831862,32.07079646017699
2016-02-22,0.006695652173913043,30.869565217391305
2016-02-23,0.0006896551724137932,31.54310344827586
2016-02-24,8.620689655172414e-05,32.008620689655174
2016-02-25,0.0031896551724137938,29.67241379310345
2016-02-26,0.0,28.140350877192983
2016-02-27,0.0,35.1875
2016-02-28,9.009009009009009e-05,44.0990990990991
2016-02-29,0.0007826086956521738,33.321739130434786
2016-03-01,0.10678571428571425,19.294642857142858
2016-03-02,0.004912280701754386,15.210526315789474
2016-03-03,0.021504424778761064,27.327433628318584
2016-03-04,0.0010526315789473684,27.63157894736842
2016-03-05,0.0025688073394495416,31.98165137614679
2016-03-06,0.0,39.14150943396226
2016-03-07,0.0005357142857142857,50.544642857142854
2016-03-08,0.009065420560747665,56.90654205607477
2016-03-09,0.09527272727272729,39.86363636363637
2016-03-10,0.00017699115044247788,35.08849557522124
2016-03-11,0.0,37.902654867256636
2016-03-12,0.009907407407407408,41.379629629629626
2016-03-13,0.20932692307692308,47.70192307692308
2016-03-14,0.06345794392523361,49.10280373831776
2016-03-15,0.23350877192982467,49.58771929824562
2016-03-16,0.3118260869565218,40.0
2016-03-17,0.0020869565217391307,35.0
2016-03-18,9.090909090909092e-05,28.772727272727273
2016-03-19,0.0068181818181818205,30.254545454545454
2016-03-20,0.034095238095238095,29.81904761904762
2016-03-21,0.0001834862385321101,29.825688073394495
2016-03-22,0.0,45.67857142857143
2016-03-23,0.018333333333333337,42.07017543859649
2016-03-24,0.643482142857143,30.080357142857142
2016-03-25,0.02818181818181818,26.70909090909091
2016-03-26,0.02064220183486239,38.30275229357798
2016-03-27,0.14141509433962265,35.594339622641506
2016-03-28,0.029363636363636373,31.29090909090909
2016-03-29,0.0008771929824561403,41.13157894736842
2016-03-30,0.06862385321100915,48.788990825688074
2016-03-31,0.35684210526315807,44.48245614035088
2016-04-01,0.20831858407079631,36.70796460176991
2016-04-02,0.023333333333333334,35.129629629629626
2016-04-03,0.00036036036036036037,43.027027027027025
2016-04-04,0.00035714285714285714,33.955357142857146
2016-04-05,0.016194690265486728,34.65486725663717
2016-04-06,0.2408181818181818,41.6
2016-04-07,0.02288288288288288,36.03603603603604
2016-04-08,0.02633928571428571,32.19642857142857
2016-04-09,0.002818181818181818,25.59090909090909
2016-04-10,0.012999999999999998,45.836363636363636
2016-04-11,0.02389380530973451,33.16814159292036
2016-04-12,0.0,30.079646017699115
2016-04-13,0.0,43.80701754385965
2016-04-14,0.0,47.89380530973451
2016-04-15,0.0,50.29203539823009
2016-04-16,0.0,56.29090909090909
2016-04-17,0.0,58.09090909090909
2016-04-18,0.050267857142857135,57.38392857142857
2016-04-19,0.29473684210526313,50.43859649122807
2016-04-20,0.16086956521739124,50.47826086956522
2016-04-21,0.5247321428571432,49.169642857142854
2016-04-22,0.07369369369369369,49.549549549549546
2016-04-23,0.0038532110091743124,48.80733944954128
2016-04-24,0.056636363636363624,58.14545454545455
2016-04-25,0.24192982456140355,57.719298245614034
2016-04-26,0.0024561403508771926,49.63157894736842
2016-04-27,0.39791304347826106,43.97391304347826
2016-04-28,0.6383478260869566,43.87826086956522
2016-04-29,0.029189189189189196,42.729729729729726
2016-04-30,0.2688181818181819,43.58181818181818
2016-05-01,0.7057142857142853,43.63392857142857
2016-05-02,0.16403508771929828,43.70175438596491
2016-05-03,0.0010526315789473684,45.666666666666664
2016-05-04,0.02904347826086956,48.12173913043478
2016-05-05,0.0,45.18260869565217
2016-05-06,0.0007017543859649123,56.0
2016-05-07,0.027345132743362834,58.85840707964602
2016-05-08,0.04445454545454544,53.5
2016-05-09,0.2607017543859648,56.23684210526316
2016-05-10,0.6190434782608693,55.91304347826087
2016-05-11,0.09421052631578943,55.20175438596491
2016-05-12,0.22112068965517254,50.78448275862069
2016-05-13,0.02236842105263158,45.45614035087719
2016-05-14,0.18087719298245605,39.14912280701754
2016-05-15,0.000990990990990991,41.990990990990994
2016-05-16,0.0008849557522123895,49.30088495575221
2016-05-17,0.056491228070175405,47.74561403508772
2016-05-18,0.016491228070175442,46.13157894736842
2016-05-19,0.0,49.99122807017544
2016-05-20,8.771929824561404e-05,54.05263157894737
2016-05-21,0.0005309734513274336,52.230088495575224
2016-05-22,0.0006363636363636364,56.74545454545454
2016-05-23,0.09271929824561403,62.71052631578947
2016-05-24,0.25535087719298255,63.62280701754386
2016-05-25,0.11839285714285712,65.23214285714286
2016-05-26,0.42103448275862076,62.0948275862069
2016-05-27,0.3227678571428573,63.098214285714285
2016-05-28,0.4224074074074074,63.5
2016-05-29,0.22436363636363632,62.85454545454545
2016-05-30,0.034454545454545446,65.22727272727273
2016-05-31,0.3072727272727273,63.763636363636365
2016-06-01,0.2627826086956522,59.530434782608694
2016-06-02,0.0069827586206896546,57.827586206896555
2016-06-03,0.009304347826086957,64.41739130434783
2016-06-04,0.33642857142857147,61.61607142857143
2016-06-05,0.039189189189189205,62.01801801801802
2016-06-06,0.002477064220183486,61.75229357798165
2016-06-07,0.0008928571428571429,56.776785714285715
2016-06-08,8.849557522123894e-05,59.5929203539823
2016-06-09,0.08885964912280701,69.84210526315789
2016-06-10,0.0557391304347826,74.75652173913043
2016-06-11,0.27495575221238944,74.30973451327434
2016-06-12,0.06618181818181817,74.5
2016-06-13,0.01783783783783784,70.70270270270271
2016-06-14,0.31725663716814156,71.28318584070796
2016-06-15,0.7207826086956518,69.83478260869565
2016-06-16,8.771929824561404e-05,67.73684210526316
2016-06-17,0.015391304347826087,68.75652173913043
2016-06-18,0.07743362831858407,69.46902654867256
2016-06-19,0.0,70.93636363636364
2016-06-20,0.01580357142857143,73.66071428571429
2016-06-21,0.1125,66.47222222222223
2016-06-22,0.48304347826086963,69.68695652173913
2016-06-23,0.05401785714285713,65.33035714285714
2016-06-24,0.0,64.41592920353982
2016-06-25,0.0020535714285714285,74.75
2016-06-26,0.40151785714285726,71.42857142857143
2016-06-27,0.007053571428571428,67.92857142857143
2016-06-28,0.020263157894736844,63.37719298245614
2016-06-29,0.056120689655172404,61.91379310344828
2016-06-30,0.21417391304347824,65.07826086956521
2016-07-01,0.1961538461538462,58.965811965811966
2016-07-02,0.04350877192982456,61.719298245614034
2016-07-03,0.16303571428571426,59.517857142857146
2016-07-04,0.015714285714285715,63.285714285714285
2016-07-05,0.003660714285714286,69.79464285714286
2016-07-06,0.5587068965517241,69.82758620689656
2016-07-07,0.641111111111111,67.43589743589743
2016-07-08,0.12008695652173908,67.4695652173913
2016-07-09,0.0,66.26495726495726
2016-07-10,0.1214655172413793,68.92241379310344
2016-07-11,0.31427350427350426,74.17094017094017
2016-07-12,0.6695689655172415,67.26724137931035
2016-07-13,0.05657894736842102,71.40350877192982
2016-07-14,0.15525862068965515,66.49137931034483
2016-07-15,0.0011403508771929826,60.42982456140351
2016-07-16,0.009130434782608696,62.2
2016-07-17,0.6539639639639638,67.55855855855856
2016-07-18,0.5784070796460176,68.95575221238938
2016-07-19,0.16833333333333328,70.80701754385964
2016-07-20,0.6731578947368424,72.8157894736842
2016-07-21,0.07455357142857143,78.375
2016-07-22,0.2537719298245614,75.55263157894737
2016-07-23,0.07908256880733944,77.09174311926606
2016-07-24,0.2597321428571428,76.25892857142857
2016-07-25,0.007719298245614036,67.1842105263158
2016-07-26,0.0,66.93913043478261
2016-07-27,8.695652173913044e-05,68.07826086956521
2016-07-28,0.049649122807017526,66.85087719298245
2016-07-29,0.012920353982300887,64.64601769911505
2016-07-30,0.029074074074074068,65.01851851851852
2016-07-31,0.024629629629629626,66.88888888888889
2016-08-01,0.20027027027027033,69.14414414414415
2016-08-02,0.2812389380530973,69.98230088495575
2016-08-03,0.12553571428571425,69.70535714285714
2016-08-04,0.03221238938053097,73.2566371681416
2016-08-05,0.6030701754385963,65.71929824561404
2016-08-06,0.0007207207207207207,62.927927927927925
2016-08-07,0.0018018018018018016,64.12612612612612
2016-08-08,0.0009734513274336285,63.86725663716814
2016-08-09,0.00026785714285714287,68.89285714285714
2016-08-10,0.012857142857142859,72.60714285714286
2016-08-11,0.5123684210526317,72.94736842105263
2016-08-12,1.5966379310344825,70.39655172413794
2016-08-13,0.10540540540540537,66.44144144144144
2016-08-14,0.008301886792452829,66.00943396226415
2016-08-15,0.0014285714285714286,64.29464285714286
2016-08-16,0.029823008849557527,66.84955752212389
2016-08-17,0.1413392857142857,67.97321428571429
2016-08-18,0.0062499999999999995,70.14285714285714
2016-08-19,0.11749999999999998,70.01724137931035
2016-08-20,0.6731249999999999,63.776785714285715
2016-08-21,0.015545454545454553,57.345454545454544
2016-08-22,0.00045045045045045046,60.369369369369366
2016-08-23,0.04736842105263158,64.43859649122807
2016-08-24,0.7560344827586206,68.6896551724138
2016-08-25,0.1639473684210526,63.14035087719298
2016-08-26,0.037589285714285714,60.17857142857143
2016-08-27,0.20276785714285703,64.67857142857143
2016-08-28,0.03768518518518518,66.66666666666667
2016-08-29,0.06309734513274336,68.54867256637168
2016-08-30,0.30294642857142856,68.49107142857143
2016-08-31,0.029561403508771927,62.70175438596491
2016-09-01,0.0,57.31304347826087
2016-09-02,0.0,56.09649122807018
2016-09-03,0.0,58.72072072072072
2016-09-04,0.01563636363636364,62.627272727272725
2016-09-05,0.1972972972972973,68.35135135135135
2016-09-06,0.05095652173913043,74.14782608695653
2016-09-07,0.4904273504273503,71.4017094017094
2016-09-08,0.6976068376068376,67.43589743589743
2016-09-09,0.11176991150442477,67.1858407079646
2016-09-10,0.7442477876106192,56.39823008849557
2016-09-11,0.0047747747747747754,55.5045045045045
2016-09-12,0.006347826086956522,59.3304347826087
2016-09-13,0.2538793103448277,61.19827586206897
2016-09-14,0.09799999999999996,56.65217391304348
2016-09-15,0.09330434782608694,62.19130434782609
2016-09-16,1.492564102564103,62.63247863247863
2016-09-17,0.012972972972972974,58.86486486486486
2016-09-18,0.0,58.63716814159292
2016-09-19,0.00017543859649122808,63.3859649122807
2016-09-20,0.036347826086956525,60.495652173913044
2016-09-21,0.007478260869565218,71.8695652173913
2016-09-22,0.44017391304347825,68.24347826086957
2016-09-23,0.6400000000000002,68.07142857142857
2016-09-24,0.06568807339449538,67.1743119266055
2016-09-25,0.5663963963963963,62.54054054054054
2016-09-26,0.014107142857142858,49.142857142857146
2016-09-27,0.0,48.60344827586207
2016-09-28,0.00017699115044247788,49.283185840707965
2016-09-29,0.00035087719298245617,49.36842105263158
2016-09-30,8.695652173913044e-05,51.08695652173913
2016-10-01,0.0045945945945945945,57.747747747747745
2016-10-02,0.005765765765765768,55.63963963963964
2016-10-03,0.00017543859649122808,53.09649122807018
2016-10-04,0.041130434782608694,60.23478260869565
2016-10-05,0.5441379310344829,58.23275862068966
2016-10-06,0.1288695652173913,54.721739130434784
2016-10-07,0.37067796610169484,42.440677966101696
2016-10-08,0.0002752293577981651,41.91743119266055
2016-10-09,0.0,43.19266055045872
2016-10-10,0.0015929203539823008,51.64601769911504
2016-10-11,0.11956896551724136,55.62068965517241
2016-10-12,0.015000000000000005,45.88135593220339
2016-10-13,0.04644067796610166,32.38135593220339
2016-10-14,0.0008620689655172415,43.189655172413794
2016-10-15,0.0038053097345132746,62.21238938053097
2016-10-16,0.052522522522522506,60.468468468468465
2016-10-17,0.005391304347826088,65.61739130434782
2016-10-18,0.0027586206896551726,55.827586206896555
2016-10-19,0.0003448275862068966,48.991379310344826
2016-10-20,0.005964912280701755,40.833333333333336
2016-10-21,0.0004347826086956522,34.417391304347824
2016-10-22,0.0,42.29203539823009
2016-10-23,0.0,48.21238938053097
2016-10-24,0.0,39.78260869565217
2016-10-25,0.013130434782608696,47.278260869565216
2016-10-26,0.6581034482758622,49.16379310344828
2016-10-27,0.047894736842105254,43.73684210526316
2016-10-28,0.00026785714285714287,51.892857142857146
2016-10-29,0.0018018018018018016,55.369369369369366
2016-10-30,0.00909090909090909,46.8
2016-10-31,0.00034782608695652176,49.59130434782609
2016-11-01,0.0010526315789473684,52.63157894736842
2016-11-02,0.12105263157894737,52.71052631578947
2016-11-03,0.05850877192982455,44.45614035087719
2016-11-04,0.0,42.35398230088496
2016-11-05,0.0,45.794642857142854
2016-11-06,0.0,44.4537037037037
2016-11-07,0.0,43.525862068965516
2016-11-08,0.008448275862068965,44.89655172413793
2016-11-09,0.0,34.077586206896555
2016-11-10,0.0,41.93162393162393
2016-11-11,0.0,38.62608695652174
2016-11-12,0.0,30.68141592920354
2016-11-13,0.0,38.83783783783784
2016-11-14,0.0,40.060344827586206
2016-11-15,0.0,36.559322033898304
2016-11-16,0.0,37.98275862068966
2016-11-17,0.0020869565217391303,52.278260869565216
2016-11-18,0.0417948717948718,46.042735042735046
2016-11-19,0.018749999999999996,26.821428571428573
2016-11-20,0.0,21.693693693693692
2016-11-21,0.00017391304347826088,24.391304347826086
2016-11-22,0.10307692307692305,36.427350427350426
2016-11-23,0.49149122807017526,37.271929824561404
2016-11-24,0.00831858407079646,34.95575221238938
2016-11-25,0.0033628318584070795,35.46017699115044
2016-11-26,0.0,34.171171171171174
2016-11-27,0.039189189189189184,34.747747747747745
2016-11-28,0.48544642857142856,45.776785714285715
2016-11-29,0.04794642857142855,33.625
2016-11-30,0.009819819819819825,33.22522522522522
2016-12-01,0.02096491228070176,32.99122807017544
2016-12-02,0.0029824561403508777,31.842105263157894
2016-12-03,0.001834862385321101,29.559633027522935
2016-12-04,0.2459259259259259,32.148148148148145
2016-12-05,0.10794642857142854,32.38392857142857
2016-12-06,0.005701754385964913,25.771929824561404
2016-12-07,8.620689655172414e-05,15.879310344827585
2016-12-08,8.695652173913044e-05,12.2
2016-12-09,0.0008620689655172415,9.862068965517242
2016-12-10,0.010917431192660554,17.81651376146789
2016-12-11,0.13773584905660377,25.066037735849058
2016-12-12,0.018571428571428576,5.8125
2016-12-13,0.0,3.791304347826087
2016-12-14,0.0,11.719298245614034
2016-12-15,0.0,-0.16666666666666666
2016-12-16,0.01763157894736842,14.736842105263158
2016-12-17,0.14880733944954125,9.34862385321101
2016-12-18,0.04981132075471696,-14.10377358490566
2016-12-19,0.0,2.614678899082569
2016-12-20,0.0,22.771929824561404
2016-12-21,0.0,27.707964601769913
2016-12-22,0.0,22.61946902654867
2016-12-23,0.0331578947368421,32.271929824561404
2016-12-24,0.15845454545454543,25.618181818181817
2016-12-25,0.09816513761467889,34.12844036697248
2016-12-26,0.5404629629629627,29.84259259259259
2016-12-27,0.00018018018018018018,22.63963963963964
2016-12-28,0.0,30.601769911504423
2016-12-29,0.0,29.29824561403509
2016-12-30,0.0,22.345132743362832
2016-12-31,0.0,26.36111111111111
2017-01-01,9.259259259259259e-05,20.85185185185185
2017-01-02,0.007090909090909092,31.254545454545454
2017-01-03,0.09180180180180175,22.61261261261261
2017-01-04,0.0004385964912280702,2.982456140350877
2017-01-05,0.010782608695652176,3.0
2017-01-06,0.0,-3.185840707964602
2017-01-07,0.0,4.387387387387387
2017-01-08,0.0,4.229357798165138
2017-01-09,0.0011403508771929826,16.263157894736842
2017-01-10,0.05333333333333331,32.846846846846844
2017-01-11,0.18482456140350878,22.57894736842105
2017-01-12,0.009279279279279282,11.54954954954955
2017-01-13,0.0006140350877192983,8.649122807017545
2017-01-14,0.0017757009345794393,16.738317757009344
2017-01-15,0.003,20.672727272727272
2017-01-16,0.19981481481481483,30.305555555555557
2017-01-17,0.44522522522522523,30.36036036036036
2017-01-18,0.0005217391304347827,29.37391304347826
2017-01-19,0.008684210526315789,32.03508771929825
2017-01-20,0.09309734513274337,35.10619469026549
2017-01-21,0.06834862385321099,37.77981651376147
2017-01-22,0.007387387387387388,32.009009009009006
2017-01-23,0.0007017543859649123,31.70175438596491
2017-01-24,0.011379310344827587,30.42241379310345
2017-01-25,0.2956250000000001,30.928571428571427
2017-01-26,0.07999999999999997,24.8125
2017-01-27,0.000603448275862069,17.310344827586206
2017-01-28,0.0,23.18918918918919
2017-01-29,0.0,27.146788990825687
2017-01-30,0.0002608695652173913,25.921739130434784
2017-01-31,0.0006956521739130435,34.06086956521739
2017-02-01,0.00044247787610619474,26.5929203539823
2017-02-02,0.0,13.307017543859649
2017-02-03,0.0,13.232142857142858
2017-02-04,0.0,23.333333333333332
2017-02-05,0.0,22.88888888888889
2017-02-06,0.0,26.68421052631579
2017-02-07,0.01739130434782609,33.30434782608695
2017-02-08,0.04643478260869562,14.208695652173914
2017-02-09,0.02823008849557522,9.238938053097344
2017-02-10,0.0,27.504424778761063
2017-02-11,0.004495412844036697,35.75229357798165
2017-02-12,0.01666666666666667,33.925925925925924
2017-02-13,0.0,27.56140350877193
2017-02-14,0.0,30.973913043478262
2017-02-15,0.0,25.336206896551722
2017-02-16,0.0,32.391304347826086
2017-02-17,0.0,38.964285714285715
2017-02-18,0.0,36.482142857142854
2017-02-19,0.0,38.65137614678899
2017-02-20,0.08333333333333337,51.1578947368421
2017-02-21,0.27241379310344843,38.241379310344826
2017-02-22,8.771929824561404e-05,44.64912280701754
2017-02-23,0.020810810810810806,36.96396396396396
2017-02-24,0.37963963963963954,29.054054054054053
2017-02-25,0.08542056074766356,16.53271028037383
2017-02-26,0.0,26.345794392523363
2017-02-27,0.0009734513274336283,25.849557522123895
2017-02-28,0.03176991150442478,42.67256637168141
2017-03-01,0.07964601769911503,32.442477876106196
2017-03-02,0.004403669724770642,22.678899082568808
2017-03-03,0.00017543859649122808,19.885964912280702
2017-03-04,9.009009009009009e-05,30.27927927927928
2017-03-05,0.0017857142857142859,46.25
2017-03-06,0.02535087719298245,54.324561403508774
2017-03-07,0.34313043478260885,35.96521739130435
2017-03-08,0.00017543859649122808,33.89473684210526
2017-03-09,0.0010526315789473684,28.614035087719298
2017-03-10,0.00044642857142857147,16.625
2017-03-11,0.02190909090909091,18.90909090909091
2017-03-12,0.014107142857142856,19.375
2017-03-13,0.275929203539823,22.43362831858407
2017-03-14,0.006875,11.866071428571429
2017-03-15,0.0,9.929824561403509
2017-03-16,8.928571428571429e-05,27.294642857142858
2017-03-17,0.0019298245614035084,38.0
2017-03-18,0.0,32.55855855855856
2017-03-19,0.0005357142857142857,36.3125
2017-03-20,0.007017543859649122,42.25438596491228
2017-03-21,0.0007079646017699115,38.097345132743364
2017-03-22,0.023749999999999997,27.758928571428573
2017-03-23,0.009464285714285715,38.63392857142857
2017-03-24,0.1452678571428572,46.982142857142854
2017-03-25,0.364862385321101,39.07339449541284
2017-03-26,0.26342592592592595,40.05555555555556
2017-03-27,0.021181818181818184,41.86363636363637
2017-03-28,0.005357142857142858,41.607142857142854
2017-03-29,0.1258928571428571,41.330357142857146
2017-03-30,0.7741964285714286,39.875
2017-03-31,0.06491071428571428,38.285714285714285
2017-04-01,0.0036697247706422016,36.79816513761468
2017-04-02,0.01811320754716982,45.028301886792455
2017-04-03,0.14763636363636362,46.972727272727276
2017-04-04,0.4442857142857143,45.669642857142854
2017-04-05,0.22669642857142855,42.607142857142854
2017-04-06,0.17230088495575216,37.36283185840708
2017-04-07,0.0,33.473684210526315
2017-04-08,0.0,49.345454545454544
2017-04-09,0.0,58.14678899082569
2017-04-10,0.06616071428571428,48.410714285714285
2017-04-11,0.019107142857142857,37.38392857142857
2017-04-12,0.0008928571428571429,43.74107142857143
2017-04-13,0.14549549549549545,50.0990990990991
2017-04-14,0.023727272727272725,53.372727272727275
2017-04-15,0.43180180180180194,61.18018018018018
2017-04-16,0.4969523809523808,51.72380952380952
2017-04-17,0.00018181818181818183,48.28181818181818
2017-04-18,0.05366071428571429,53.732142857142854
2017-04-19,0.1819999999999999,50.263636363636365
2017-04-20,0.43009009009009,48.16216216216216
2017-04-21,0.0009821428571428572,40.88392857142857
2017-04-22,0.0,43.30275229357798
2017-04-23,0.005555555555555556,43.842592592592595
2017-04-24,0.0,50.04424778761062
2017-04-25,0.006486486486486487,51.4954954954955
2017-04-26,0.17052631578947364,43.5
2017-04-27,0.14212389380530968,35.14159292035398
2017-04-28,0.03203539823008849,35.663716814159294
2017-04-29,0.2899999999999999,41.205607476635514
2017-04-30,0.4287735849056606,39.886792452830186
2017-05-01,0.8684070796460173,39.663716814159294
2017-05-02,0.07175438596491227,40.3421052631579
2017-05-03,0.0016814159292035398,42.76106194690266
2017-05-04,0.021681415929203536,43.442477876106196
2017-05-05,0.0,47.4375
2017-05-06,0.00037037037037037035,51.611111111111114
2017-05-07,0.0,49.99074074074074
2017-05-08,0.07276785714285715,56.69642857142857
2017-05-09,0.06261261261261257,56.24324324324324
2017-05-10,0.16107142857142853,56.982142857142854
2017-05-11,0.5457894736842105,52.60526315789474
2017-05-12,0.0034545454545454545,51.018181818181816
2017-05-13,0.0,57.30555555555556
2017-05-14,0.0,62.180952380952384
2017-05-15,0.008468468468468469,63.55855855855856
2017-05-16,0.11526315789473686,68.63157894736842
2017-05-17,0.7254782608695649,63.426086956521736
2017-05-18,0.4109482758620691,56.38793103448276
2017-05-19,0.4753571428571429,46.50892857142857
2017-05-20,0.5951376146788991,46.76146788990825
2017-05-21,0.279009009009009,45.3963963963964
2017-05-22,0.01535714285714286,50.955357142857146
2017-05-23,0.10719298245614033,50.18421052631579
2017-05-24,0.08517543859649117,49.70175438596491
2017-05-25,0.01191304347826087,50.74782608695652
2017-05-26,0.02769911504424779,58.902654867256636
2017-05-27,0.09584070796460177,57.5929203539823
2017-05-28,0.16166666666666665,58.0462962962963
2017-05-29,0.0061061946902654885,56.5929203539823
2017-05-30,0.0010714285714285715,53.839285714285715
2017-05-31,0.0002654867256637168,52.07964601769911
2017-06-01,0.0,55.756521739130434
2017-06-02,0.02359649122807017,65.09649122807018
2017-06-03,0.0025892857142857145,69.58035714285714
2017-06-04,0.020454545454545454,69.6
2017-06-05,0.006403508771929824,64.37719298245614
2017-06-06,0.0,61.939655172413794
2017-06-07,0.0,60.791304347826085
2017-06-08,0.0028947368421052633,63.21052631578947
2017-06-09,0.036,66.33043478260869
2017-06-10,0.00920353982300885,71.76106194690266
2017-06-11,0.0,75.11504424778761
2017-06-12,0.00582608695652174,74.91304347826087
2017-06-13,0.12008771929824563,75.34210526315789
2017-06-14,0.3165217391304347,68.72173913043478
2017-06-15,0.16991304347826086,68.06086956521739
2017-06-16,0.3086725663716814,68.06194690265487
2017-06-17,0.4663063063063062,67.31531531531532
2017-06-18,0.10054054054054051,61.891891891891895
2017-06-19,0.025775862068965524,61.1551724137931
2017-06-20,0.012241379310344833,63.56896551724138
2017-06-21,0.059122807017543876,65.39473684210526
2017-06-22,0.24078947368421053,72.3859649122807
2017-06-23,0.431140350877193,63.26315789473684
2017-06-24,0.001743119266055046,56.1651376146789
2017-06-25,0.009537037037037037,54.2037037037037
2017-06-26,0.06327272727272726,55.163636363636364
2017-06-27,0.02590909090909091,54.263636363636365
2017-06-28,0.41292035398230065,66.91150442477876
2017-06-29,0.45880733944954116,66.80733944954129
2017-06-30,0.37225225225225245,63.648648648648646
2017-07-01,0.05345794392523362,61.90654205607477
2017-07-02,0.0016666666666666666,66.61111111111111
2017-07-03,0.021531531531531523,67.71171171171171
2017-07-04,0.039545454545454536,68.99090909090908
2017-07-05,0.030438596491228067,69.16666666666667
2017-07-06,0.04565217391304347,71.28695652173913
2017-07-07,0.016339285714285716,69.67857142857143
2017-07-08,0.0,65.37272727272727
2017-07-09,0.0,68.97196261682242
2017-07-10,0.3972413793103449,71.6896551724138
2017-07-11,0.12052631578947365,70.83333333333333
2017-07-12,0.13459459459459458,76.38738738738739
2017-07-13,0.31008695652173923,67.7304347826087
2017-07-14,0.016956521739130436,62.356521739130436
2017-07-15,0.0,67.48214285714286
2017-07-16,0.0026851851851851854,71.89814814814815
2017-07-17,0.011052631578947368,69.45614035087719
2017-07-18,0.016551724137931035,72.43103448275862
2017-07-19,0.15810344827586206,73.26724137931035
2017-07-20,0.1611965811965812,75.68376068376068
2017-07-21,0.32478632478632485,74.17948717948718
2017-07-22,0.9330434782608699,73.00869565217391
2017-07-23,0.0045045045045045045,70.51351351351352
2017-07-24,0.00035087719298245617,62.578947368421055
2017-07-25,0.0008695652173913044,67.47826086956522
2017-07-26,0.11843478260869562,72.11304347826086
2017-07-27,0.28461538461538455,68.23931623931624
2017-07-28,0.000608695652173913,64.85217391304347
2017-07-29,0.0,63.171171171171174
2017-07-30,0.0,62.77272727272727
2017-07-31,0.0,62.6283185840708
2017-08-01,0.0031858407079646016,64.20353982300885
2017-08-02,0.05839285714285713,65.0
2017-08-03,0.17464285714285716,64.83928571428571
2017-08-04,0.15553571428571425,54.285714285714285
2017-08-05,0.0009174311926605504,56.88990825688074
2017-08-06,0.021962616822429913,61.87850467289719
2017-08-07,0.026814159292035393,61.2212389380531
2017-08-08,0.004173913043478261,57.504347826086956
2017-08-09,0.02982142857142857,60.19642857142857
2017-08-10,0.0937719298245614,64.2719298245614
2017-08-11,0.08356521739130436,60.017391304347825
2017-08-12,0.00027272727272727274,57.518181818181816
2017-08-13,0.008285714285714287,59.86666666666667
2017-08-14,0.2594642857142858,63.276785714285715
2017-08-15,0.16578947368421054,63.68421052631579
2017-08-16,0.3961061946902657,67.58407079646018
2017-08-17,0.3163392857142857,66.125
2017-08-18,0.01353982300884956,62.176991150442475
2017-08-19,0.07351351351351347,61.77477477477478
2017-08-20,0.1613761467889908,67.39449541284404
2017-08-21,0.7490178571428572,67.17857142857143
2017-08-22,0.7705357142857145,61.607142857142854
2017-08-23,0.0015929203539823008,54.5929203539823
2017-08-24,0.04123893805309734,60.5929203539823
2017-08-25,0.08696428571428567,60.964285714285715
2017-08-26,0.19268518518518518,61.870370370370374
2017-08-27,0.07361111111111109,64.46296296296296
2017-08-28,0.08840707964601767,59.60176991150443
2017-08-29,0.02469026548672566,57.51327433628319
2017-08-30,0.00035398230088495576,58.176991150442475
2017-08-31,0.0002631578947368421,60.578947368421055
2017-09-01,0.003217391304347826,54.96521739130435
2017-09-02,0.016126126126126128,59.234234234234236
2017-09-03,0.0054128440366972485,58.87155963302752
2017-09-04,9.009009009009009e-05,66.27027027027027
2017-09-05,0.0029203539823008853,50.88495575221239
2017-09-06,0.001327433628318584,46.63716814159292
2017-09-07,0.0,47.690265486725664
2017-09-08,0.0,53.166666666666664
2017-09-09,0.0,56.68468468468468
2017-09-10,0.021192660550458715,59.92660550458716
2017-09-11,0.004285714285714286,55.74107142857143
2017-09-12,0.0,56.73451327433628
2017-09-13,0.0,58.333333333333336
2017-09-14,0.0,62.61607142857143
2017-09-15,0.024999999999999998,66.52678571428571
2017-09-16,0.09355140186915882,66.94392523364486
2017-09-17,0.4643137254901962,55.950980392156865
2017-09-18,0.12219047619047617,57.49523809523809
2017-09-19,0.21672727272727277,63.554545454545455
2017-09-20,0.06258928571428571,67.74107142857143
2017-09-21,0.3031858407079645,65.88495575221239
2017-09-22,0.04150442477876107,73.46902654867256
2017-09-23,0.0,69.41071428571429
2017-09-24,0.004392523364485982,67.90654205607477
2017-09-25,0.3331578947368421,63.10526315789474
2017-09-26,0.5835652173913042,60.62608695652174
2017-09-27,0.019217391304347832,50.51304347826087
2017-09-28,0.0,48.095652173913045
2017-09-29,0.00036036036036036037,51.55855855855856
2017-09-30,0.0011111111111111111,50.2962962962963
2017-10-01,0.045233644859813085,56.10280373831776
2017-10-02,0.2754054054054056,62.2972972972973
2017-10-03,0.21108108108108103,66.42342342342343
2017-10-04,0.25303571428571425,53.848214285714285
2017-10-05,0.022123893805309727,55.0
2017-10-06,0.6029464285714287,60.00892857142857
2017-10-07,1.3916981132075472,60.471698113207545
2017-10-08,0.28076923076923077,52.99038461538461
2017-10-09,0.01219047619047619,50.02857142857143
2017-10-10,0.20302752293577989,43.559633027522935
2017-10-11,0.5626126126126125,43.711711711711715
2017-10-12,0.013982300884955761,50.769911504424776
2017-10-13,0.004414414414414414,50.68468468468468
2017-10-14,0.2725961538461538,54.76923076923077
2017-10-15,0.579811320754717,44.735849056603776
2017-10-16,0.026090909090909088,38.845454545454544
2017-10-17,0.0,48.549549549549546
2017-10-18,0.0,50.19090909090909
2017-10-19,0.0,44.9
2017-10-20,0.0,54.77981651376147
2017-10-21,0.09018867924528301,61.764150943396224
2017-10-22,0.5438461538461538,47.56730769230769
2017-10-23,0.03151785714285714,45.4375
2017-10-24,0.009099099099099102,39.792792792792795
2017-10-25,0.001327433628318584,41.75221238938053
2017-10-26,0.0,43.57272727272727
2017-10-27,0.0007964601769911505,32.424778761061944
2017-10-28,0.005412844036697249,30.211009174311926
2017-10-29,0.0025471698113207555,32.64150943396226
2017-10-30,0.031,37.6
2017-10-31,0.00035398230088495576,25.300884955752213
2017-11-01,0.0016666666666666668,32.96491228070175
2017-11-02,0.013451327433628322,40.389380530973455
2017-11-03,0.0007894736842105264,32.12280701754386
2017-11-04,0.03222222222222223,40.26851851851852
2017-11-05,0.01867924528301888,39.87735849056604
2017-11-06,0.0013636363636363635,26.8
2017-11-07,0.00017857142857142857,30.267857142857142
2017-11-08,0.0,23.964912280701753
2017-11-09,0.0,26.469026548672566
2017-11-10,0.0,18.017857142857142
2017-11-11,0.0,33.627272727272725
2017-11-12,0.11092592592592594,33.574074074074076
2017-11-13,0.020934579439252334,28.94392523364486
2017-11-14,0.002678571428571429,41.75892857142857
2017-11-15,0.03919642857142856,40.25
2017-11-16,0.0011818181818181819,24.081818181818182
2017-11-17,0.00490909090909091,39.78181818181818
2017-11-18,0.1504672897196261,34.78504672897196
2017-11-19,0.034666666666666665,23.314285714285713
2017-11-20,0.0,35.9622641509434
2017-11-21,0.0005504587155963302,33.174311926605505
2017-11-22,0.00044642857142857147,16.598214285714285
2017-11-23,0.0,30.972972972972972
2017-11-24,0.00027272727272727274,44.69090909090909
2017-11-25,0.0,34.08181818181818
2017-11-26,0.0,31.146788990825687
2017-11-27,0.0,36.825688073394495
2017-11-28,0.0,44.6140350877193
2017-11-29,0.0,25.855855855855857
2017-11-30,8.928571428571429e-05,33.910714285714285
2017-12-01,0.0,30.13157894736842
2017-12-02,0.0,28.833333333333332
2017-12-03,0.0,32.845454545454544
2017-12-04,0.01792792792792793,53.67567567567568
2017-12-05,0.039911504424778754,23.495575221238937
2017-12-06,0.00035714285714285714,23.955357142857142
2017-12-07,0.0008771929824561403,12.473684210526315
2017-12-08,0.0001834862385321101,19.678899082568808
2017-12-09,0.0014545454545454547,22.90909090909091
2017-12-10,9.345794392523364e-05,28.149532710280372
2017-12-11,0.002454545454545455,31.87272727272727
2017-12-12,0.011545454545454548,15.136363636363637
2017-12-13,0.00036363636363636367,36.0
2017-12-14,0.0013636363636363637,22.245454545454546
2017-12-15,0.001081081081081081,28.684684684684683
2017-12-16,0.0005454545454545455,30.21818181818182
2017-12-17,0.0024074074074074076,28.953703703703702
2017-12-18,0.016481481481481486,29.39814814814815
2017-12-19,0.0002631578947368421,34.29824561403509
2017-12-20,0.0,25.30701754385965
2017-12-21,0.0021929824561403508,29.93859649122807
2017-12-22,0.04289473684210523,21.666666666666668
2017-12-23,0.0,15.09009009009009
2017-12-24,0.0725242718446602,14.844660194174757
2017-12-25,0.014000000000000005,3.98
2017-12-26,0.0005714285714285714,-3.895238095238095
2017-12-27,0.0010000000000000002,-9.290909090909091
2017-12-28,0.033240740740740723,5.703703703703703
2017-12-29,0.03887850467289719,8.299065420560748
2017-12-30,0.08,-3.7941176470588234
2017-12-31,0.02495145631067961,-11.766990291262136
2018-01-01,0.0009345794392523365,-18.7196261682243
2018-01-02,9.009009009009009e-05,-11.432432432432432
2018-01-03,0.006578947368421055,4.017543859649122
2018-01-04,0.0005309734513274337,-3.247787610619469
2018-01-05,0.002678571428571429,0.8303571428571429
2018-01-06,0.0,-5.125
2018-01-07,0.0011214953271028037,20.80373831775701
2018-01-08,0.007314814814814815,23.574074074074073
2018-01-09,0.0,29.776785714285715
2018-01-10,0.0002631578947368421,35.26315789473684
2018-01-11,0.04097345132743361,21.035398230088497
2018-01-12,0.0662037037037037,-1.9351851851851851
2018-01-13,0.00018867924528301886,-0.4811320754716981
2018-01-14,0.003962264150943397,9.754716981132075
2018-01-15,0.08607843137254897,0.6078431372549019
2018-01-16,0.002710280373831776,-2.1588785046728973
2018-01-17,0.0,2.90990990990991
2018-01-18,0.0,18.663636363636364
2018-01-19,0.0,29.65765765765766
2018-01-20,0.0,29.22222222222222
2018-01-21,0.01090909090909091,34.81818181818182
2018-01-22,0.5450467289719624,36.532710280373834
2018-01-23,0.26660714285714276,24.821428571428573
2018-01-24,0.0,21.65765765765766
2018-01-25,0.0,25.17117117117117
2018-01-26,0.0,39.73913043478261
2018-01-27,0.00018181818181818183,28.69090909090909
2018-01-28,0.00485981308411215,20.476635514018692
2018-01-29,0.00045871559633027525,10.412844036697248
2018-01-30,0.0,16.436363636363637
2018-01-31,0.0,31.955357142857142
2018-02-01,8.849557522123894e-05,7.274336283185841
2018-02-02,0.0,3.1785714285714284
2018-02-03,0.002181818181818182,27.027272727272727
2018-02-04,0.02220183486238533,7.137614678899083
2018-02-05,0.027699115044247782,3.743362831858407
2018-02-06,0.21238532110091732,-3.9357798165137616
2018-02-07,0.037706422018348625,5.908256880733945
2018-02-08,0.01254385964912281,10.403508771929825
2018-02-09,0.18598214285714287,11.089285714285714
2018-02-10,0.06631067961165048,3.4757281553398056
2018-02-11,0.05633663366336633,4.742574257425742
2018-02-12,0.0005357142857142857,-0.9285714285714286
2018-02-13,0.0,17.054054054054053
2018-02-14,0.002280701754385965,27.526315789473685
2018-02-15,0.0,33.75892857142857
2018-02-16,0.0002654867256637168,10.336283185840708
2018-02-17,0.01952830188679245,23.62264150943396
2018-02-18,0.02941176470588235,27.813725490196077
2018-02-19,0.0483018867924528,32.74528301886792
2018-02-20,0.42467289719626167,23.514018691588785
2018-02-21,0.10485981308411214,10.85981308411215
2018-02-22,0.025370370370370363,23.787037037037038
2018-02-23,0.20518181818181813,26.454545454545453
2018-02-24,0.02836538461538461,23.451923076923077
2018-02-25,0.16490384615384615,22.201923076923077
2018-02-26,0.0011320754716981133,26.433962264150942
2018-02-27,0.0,35.51376146788991
2018-02-28,0.0014545454545454547,33.29090909090909
2018-03-01,0.030982142857142854,29.535714285714285
2018-03-02,0.0,26.27927927927928
2018-03-03,0.0,34.91509433962264
2018-03-04,0.00037037037037037035,38.55555555555556
2018-03-05,0.2332432432432433,35.5045045045045
2018-03-06,0.36120370370370375,27.046296296296298
2018-03-07,0.022385321100917434,19.587155963302752
2018-03-08,0.00035714285714285714,16.526785714285715
2018-03-09,0.002612612612612613,21.873873873873872
2018-03-10,0.0021495327102803736,27.439252336448597
2018-03-11,0.02764705882352941,31.84313725490196
2018-03-12,0.012727272727272726,27.6
2018-03-13,0.0,24.21818181818182
2018-03-14,0.0,25.65765765765766
2018-03-15,0.0,29.43362831858407
2018-03-16,0.020707964601769907,30.123893805309734
2018-03-17,0.3185454545454546,31.990909090909092
2018-03-18,0.012075471698113207,31.537735849056602
2018-03-19,0.002410714285714286,34.473214285714285
2018-03-20,0.009732142857142858,30.758928571428573
2018-03-21,0.02081081081081081,28.144144144144143
2018-03-22,0.001858407079646018,31.43362831858407
2018-03-23,0.02278260869565217,33.869565217391305
2018-03-24,0.7692929292929293,30.818181818181817
2018-03-25,0.18904255319148933,29.148936170212767
2018-03-26,0.039017857142857146,32.55357142857143
2018-03-27,0.26972972972972975,34.36036036036036
2018-03-28,0.0019819819819819817,30.0990990990991
2018-03-29,0.019642857142857146,32.098214285714285
2018-03-30,0.0005504587155963303,32.08256880733945
2018-03-31,0.09079999999999996,38.68
2018-04-01,0.004112149532710281,20.50467289719626
2018-04-02,0.017027027027027027,21.37837837837838
2018-04-03,0.05446428571428569,30.383928571428573
2018-04-04,0.1011009174311926,14.211009174311927
2018-04-05,0.0008108108108108109,26.945945945945947
2018-04-06,0.0016071428571428573,25.4375
2018-04-07,0.0022222222222222222,16.694444444444443
2018-04-08,0.02028301886792453,24.58490566037736
2018-04-09,0.1414285714285714,28.02857142857143
2018-04-10,9.009009009009009e-05,27.73873873873874
2018-04-11,0.00018181818181818183,38.57272727272727
2018-04-12,0.013423423423423425,44.32432432432432
2018-04-13,0.08955357142857143,46.589285714285715
2018-04-14,0.4177777777777778,34.083333333333336
2018-04-15,0.41156862745098044,24.80392156862745
2018-04-16,0.05990476190476187,23.933333333333334
2018-04-17,0.0002631578947368421,26.80701754385965
2018-04-18,0.10636363636363635,31.345454545454544
2018-04-19,0.18091743119266052,28.559633027522935
2018-04-20,0.0,31.40366972477064
2018-04-21,0.0,42.407407407407405
2018-04-22,0.0,44.11926605504587
2018-04-23,0.0,44.14545454545455
2018-04-24,0.0013392857142857143,44.794642857142854
2018-04-25,0.010438596491228073,43.219298245614034
2018-04-26,0.0034513274336283183,40.13274336283186
2018-04-27,0.0,42.0353982300885
2018-04-28,0.0,39.94444444444444
2018-04-29,0.0,43.972477064220186
2018-04-30,0.011428571428571429,56.75892857142857
2018-05-01,0.11227272727272727,60.82727272727273
2018-05-02,0.5401801801801802,57.828828828828826
2018-05-03,0.5032432432432433,56.0990990990991
2018-05-04,0.7510619469026549,55.07079646017699
2018-05-05,0.004433962264150944,55.471698113207545
2018-05-06,0.015619047619047623,58.43809523809524
2018-05-07,0.0005454545454545455,54.627272727272725
2018-05-08,0.02315315315315315,60.11711711711712
2018-05-09,0.21909090909090917,59.36363636363637
2018-05-10,0.033963963963963964,54.72072072072072
2018-05-11,0.39198198198198203,50.4954954954955
2018-05-12,0.2120754716981131,47.339622641509436
2018-05-13,0.22914285714285723,51.84761904761905
2018-05-14,0.2799999999999999,59.20183486238532
2018-05-15,0.0914159292035398,60.02654867256637
2018-05-16,0.010990990990990991,59.171171171171174
2018-05-17,0.0037837837837837837,60.846846846846844
2018-05-18,0.0016071428571428573,60.05357142857143
2018-05-19,0.007924528301886793,59.283018867924525
2018-05-20,0.2359223300970875,54.9126213592233
2018-05-21,0.3373394495412846,56.43119266055046
2018-05-22,0.07183486238532108,59.37614678899082
2018-05-23,0.11288288288288287,65.33333333333333
2018-05-24,0.04036363636363636,69.49090909090908
2018-05-25,0.013304347826086957,69.38260869565218
2018-05-26,0.22368932038834954,69.49514563106796
2018-05-27,9.80392156862745e-05,73.22549019607843
2018-05-28,0.013867924528301889,74.25471698113208
2018-05-29,0.09233644859813084,70.95327102803738
2018-05-30,0.3131250000000002,67.44642857142857
2018-05-31,0.061785714285714284,68.73214285714286
2018-06-01,0.007631578947368421,69.67543859649123
2018-06-02,0.48781818181818176,63.36363636363637
2018-06-03,0.08047169811320753,61.06603773584906
2018-06-04,0.005596330275229358,59.27522935779817
2018-06-05,0.00017857142857142857,65.95535714285714
2018-06-06,0.04836363636363636,66.32727272727273
2018-06-07,0.23089285714285718,67.13392857142857
2018-06-08,0.19627272727272724,68.01818181818182
2018-06-09,0.30462962962962964,69.8425925925926
2018-06-10,0.6329126213592231,68.42718446601941
2018-06-11,0.25859813084112154,66.70093457943925
2018-06-12,0.27477876106194693,67.94690265486726
2018-06-13,0.03616071428571428,63.55357142857143
2018-06-14,0.3680909090909092,64.5909090909091
2018-06-15,0.34063636363636374,72.9090909090909
2018-06-16,0.003461538461538461,76.65384615384616
2018-06-17,0.00339622641509434,77.62264150943396
2018-06-18,0.26909090909090916,74.88181818181818
2018-06-19,0.7443362831858404,70.90265486725664
2018-06-20,0.6138053097345132,67.61946902654867
2018-06-21,1.1519642857142858,63.642857142857146
2018-06-22,0.2622321428571429,61.776785714285715
2018-06-23,0.007692307692307693,63.51923076923077
2018-06-24,0.09399999999999997,66.48571428571428
2018-06-25,0.4547272727272727,66.19090909090909
2018-06-26,0.5456249999999999,66.16964285714286
2018-06-27,0.11297297297297297,66.52252252252252
2018-06-28,0.005357142857142858,70.33035714285714
2018-06-29,0.1058715596330275,75.89908256880734
2018-06-30,0.053173076923076934,76.3076923076923
2018-07-01,1.0066666666666666,69.08333333333333
2018-07-02,0.02781818181818182,65.80909090909091
2018-07-03,0.0,70.25892857142857
2018-07-04,0.044954128440366975,75.5045871559633
2018-07-05,0.41716814159292037,71.29203539823008
2018-07-06,0.019629629629629632,65.4074074074074
2018-07-07,0.0,63.923809523809524
2018-07-08,0.0,65.70192307692308
2018-07-09,0.0,69.16822429906541
2018-07-10,0.013508771929824562,72.15789473684211
2018-07-11,0.004464285714285714,72.19642857142857
2018-07-12,0.0009090909090909091,74.21818181818182
2018-07-13,0.17990825688073395,72.8256880733945
2018-07-14,0.6738317757009347,70.98130841121495
2018-07-15,0.04917431192660549,71.18348623853211
2018-07-16,0.021009174311926605,69.38532110091744
2018-07-17,0.0006363636363636364,66.14545454545454
2018-07-18,0.051,66.30909090909091
2018-07-19,0.23045045045045043,67.96396396396396
2018-07-20,0.5525925925925926,66.50925925925925
2018-07-21,0.012666666666666668,66.00952380952381
2018-07-22,0.00125,65.29807692307692
2018-07-23,0.0163963963963964,66.1981981981982
2018-07-24,0.006697247706422018,65.04587155963303
2018-07-25,0.003142857142857143,63.49523809523809
2018-07-26,0.08158878504672898,61.953271028037385
2018-07-27,0.00018691588785046728,57.90654205607477
2018-07-28,0.010476190476190477,60.21904761904762
2018-07-29,0.11669999999999998,62.62
2018-07-30,0.04557692307692307,60.10576923076923
2018-07-31,0.035092592592592585,60.53703703703704
2018-08-01,0.011009174311926608,62.74311926605505
2018-08-02,0.06027272727272726,60.845454545454544
2018-08-03,0.0031132075471698114,65.89622641509433
2018-08-04,0.12380952380952381,70.08571428571429
2018-08-05,0.19144230769230766,70.08653846153847
2018-08-06,0.9244954128440366,68.61467889908256
2018-08-07,0.24754716981132077,66.66981132075472
2018-08-08,0.17870370370370367,63.851851851851855
2018-08-09,0.00425925925925926,68.27777777777777
2018-08-10,0.0006422018348623854,66.71559633027523
2018-08-11,0.0008571428571428572,65.72380952380952
2018-08-12,0.0,66.11428571428571
2018-08-13,0.0,66.50943396226415
2018-08-14,0.0012037037037037038,68.00925925925925
2018-08-15,0.2659633027522936,69.13761467889908
2018-08-16,0.3213131313131313,68.07070707070707
2018-08-17,0.351834862385321,66.76146788990826
2018-08-18,0.019417475728155345,65.37864077669903
2018-08-19,0.025566037735849055,66.78301886792453
2018-08-20,1.1589285714285715,67.34821428571429
2018-08-21,0.662792792792793,62.054054054054056
2018-08-22,0.00017699115044247788,55.86725663716814
2018-08-23,0.001981981981981982,57.711711711711715
2018-08-24,0.26558558558558554,64.91891891891892
2018-08-25,0.14361111111111105,67.01851851851852
2018-08-26,0.02588785046728972,72.17757009345794
2018-08-27,0.2490825688073395,74.21100917431193
2018-08-28,0.23714285714285713,71.05357142857143
2018-08-29,1.0080733944954128,57.39449541284404
2018-08-30,0.0027884615384615387,57.875
2018-08-31,0.07570093457943924,67.41121495327103
2018-09-01,0.7887128712871283,70.0
2018-09-02,0.5689215686274508,68.15686274509804
2018-09-03,0.8079245283018868,69.26415094339623
2018-09-04,0.6726851851851853,71.44444444444444
2018-09-05,1.1403636363636362,68.81818181818181
2018-09-06,0.5410091743119266,60.28440366972477
2018-09-07,0.14861111111111108,58.138888888888886
2018-09-08,0.10971428571428571,55.819047619047616
2018-09-09,0.0006666666666666668,53.55238095238095
2018-09-10,0.0,52.62385321100918
2018-09-11,0.0,58.36697247706422
2018-09-12,0.0,60.654545454545456
2018-09-13,0.0,62.870370370370374
2018-09-14,0.0,66.91964285714286
2018-09-15,0.0,68.10280373831776
2018-09-16,0.0,66.66037735849056
2018-09-17,0.00045454545454545455,67.4
2018-09-18,0.08000000000000003,66.18181818181819
2018-09-19,0.8892523364485979,65.19626168224299
2018-09-20,1.3898181818181818,68.44545454545455
2018-09-21,0.5420535714285716,57.473214285714285
2018-09-22,0.0005555555555555556,45.98148148148148
2018-09-23,0.0002857142857142857,51.647619047619045
2018-09-24,0.0,55.25233644859813
2018-09-25,0.058272727272727275,57.472727272727276
2018-09-26,0.4205357142857141,46.99107142857143
2018-09-27,0.0006363636363636364,50.92727272727273
2018-09-28,0.013000000000000008,47.518181818181816
2018-09-29,0.0339047619047619,42.21904761904762
2018-09-30,0.17330097087378643,47.601941747572816
2018-10-01,0.2981481481481482,50.2037037037037
2018-10-02,0.3961607142857145,50.401785714285715
2018-10-03,0.050727272727272704,66.93636363636364
2018-10-04,0.14018018018018014,40.0
2018-10-05,0.2636036036036036,48.612612612612615
2018-10-06,0.5509433962264151,47.905660377358494
2018-10-07,0.25701923076923083,47.55769230769231
2018-10-08,0.760754716981132,57.14150943396226
2018-10-09,0.7925688073394491,58.65137614678899
2018-10-10,0.8315454545454543,53.336363636363636
2018-10-11,0.051743119266055015,36.30275229357798
2018-10-12,0.014495412844036703,34.73394495412844
2018-10-13,0.04285714285714285,41.114285714285714
2018-10-14,0.037289719626168207,37.97196261682243
2018-10-15,0.09999999999999996,31.66355140186916
2018-10-16,0.004818181818181819,35.4
2018-10-17,0.0,35.690265486725664
2018-10-18,0.0,37.51376146788991
2018-10-19,0.05398230088495573,49.89380530973451
2018-10-20,0.024299065420560744,40.728971962616825
2018-10-21,0.0,31.398058252427184
2018-10-22,0.0,38.46296296296296
2018-10-23,0.0,33.410714285714285
2018-10-24,0.0,32.711711711711715
2018-10-25,0.0043749999999999995,42.57142857142857
2018-10-26,0.04151785714285714,42.63392857142857
2018-10-27,0.004444444444444445,41.138888888888886
2018-10-28,0.05271028037383178,43.85981308411215
2018-10-29,0.0005607476635514019,35.700934579439256
2018-10-30,0.010353982300884957,46.38053097345133
2018-10-31,0.05203703703703705,40.06481481481482
2018-11-01,0.0012037037037037038,36.27777777777778
2018-11-02,0.02431192660550458,40.3394495412844
2018-11-03,0.073030303030303,39.656565656565654
2018-11-04,0.7193269230769231,41.57692307692308
2018-11-05,0.24819047619047618,39.819047619047616
2018-11-06,0.2437837837837838,37.6036036036036
2018-11-07,0.003982300884955752,28.38938053097345
2018-11-08,0.0017857142857142859,26.642857142857142
2018-11-09,0.04254716981132073,22.30188679245283
2018-11-10,0.0052830188679245296,12.90566037735849
2018-11-11,0.0,26.660377358490567
2018-11-12,9.345794392523364e-05,20.785046728971963
2018-11-13,0.00036036036036036037,12.855855855855856
2018-11-14,0.0,20.276785714285715
2018-11-15,0.0,24.25225225225225
2018-11-16,0.002454545454545455,31.8
2018-11-17,0.11551401869158877,25.91588785046729
2018-11-18,0.06067307692307692,11.134615384615385
2018-11-19,0.0,20.97196261682243
2018-11-20,0.0,18.23148148148148
2018-11-21,0.0,26.830357142857142
2018-11-22,0.0,29.794392523364486
2018-11-23,0.014259259259259258,40.648148148148145
2018-11-24,0.12301886792452829,34.679245283018865
2018-11-25,0.07653846153846151,28.307692307692307
2018-11-26,0.15301886792452835,16.19811320754717
2018-11-27,0.0023423423423423423,11.18018018018018
2018-11-28,0.0009009009009009008,19.135135135135137
2018-11-29,0.008073394495412846,22.825688073394495
2018-11-30,0.007657657657657659,25.7027027027027
2018-12-01,0.22961165048543689,32.55339805825243
2018-12-02,0.5806796116504858,31.368932038834952
2018-12-03,0.05923809523809522,26.37142857142857
2018-12-04,0.0013392857142857145,22.678571428571427
2018-12-05,0.0033636363636363642,20.727272727272727
2018-12-06,0.007079646017699116,19.01769911504425
2018-12-07,9.009009009009009e-05,13.324324324324325
2018-12-08,0.0,15.787037037037036
2018-12-09,0.0,14.6
2018-12-10,0.0,15.454545454545455
2018-12-11,0.0,20.544642857142858
2018-12-12,0.0,25.31858407079646
2018-12-13,0.0007142857142857142,27.482142857142858
2018-12-14,0.0021621621621621626,23.63963963963964
2018-12-15,9.174311926605505e-05,22.01834862385321
2018-12-16,0.0,28.51851851851852
2018-12-17,0.0,24.89090909090909
2018-12-18,0.0,31.263636363636362
2018-12-19,0.00045454545454545455,37.35454545454545
2018-12-20,0.011696428571428576,34.205357142857146
2018-12-21,0.006788990825688075,25.788990825688074
2018-12-22,0.0,25.99019607843137
2018-12-23,0.0,25.39252336448598
2018-12-24,0.0,20.443396226415093
2018-12-25,0.0005660377358490566,28.50943396226415
2018-12-26,0.018518518518518517,30.083333333333332
2018-12-27,0.8842592592592595,39.888888888888886
2018-12-28,0.26972972972972975,20.45045045045045
2018-12-29,0.02427184466019417,11.74757281553398
2018-12-30,0.0028155339805825247,21.25242718446602
2018-12-31,0.05045871559633026,28.504587155963304
2019-01-01,0.19048076923076915,11.326923076923077
2019-01-02,0.0008181818181818182,17.027272727272727
2019-01-03,8.928571428571429e-05,23.348214285714285
2019-01-04,0.0,28.62608695652174
2019-01-05,0.0,31.844036697247706
2019-01-06,0.0025,33.73148148148148
2019-01-07,0.1578181818181818,42.018181818181816
2019-01-08,0.042272727272727274,34.20909090909091
2019-01-09,0.0,15.131578947368421
2019-01-10,0.0,15.464285714285714
2019-01-11,0.0018584070796460177,24.61946902654867
2019-01-12,0.14825242718446605,26.990291262135923
2019-01-13,0.09330097087378637,25.281553398058254
2019-01-14,0.001,23.69090909090909
2019-01-15,0.0018918918918918923,28.27927927927928
2019-01-16,0.00044642857142857147,19.535714285714285
2019-01-17,0.017567567567567572,24.36936936936937
2019-01-18,0.009819819819819818,17.846846846846848
2019-01-19,0.22137254901960793,6.833333333333333
2019-01-20,0.003904761904761906,1.5047619047619047
2019-01-21,0.013396226415094343,4.490566037735849
2019-01-22,0.01348214285714286,21.053571428571427
2019-01-23,0.22999999999999998,14.155963302752294
2019-01-24,0.005132743362831859,13.176991150442477
2019-01-25,0.0008849557522123895,-4.389380530973451
2019-01-26,0.012452830188679247,0.6226415094339622
2019-01-27,0.03333333333333333,-1.276190476190476
2019-01-28,0.14663551401869157,11.822429906542055
2019-01-29,0.0008108108108108108,-2.5675675675675675
2019-01-30,0.0008849557522123895,-22.061946902654867
2019-01-31,0.006036036036036035,-12.054054054054054
2019-02-01,0.022702702702702703,2.3063063063063063
2019-02-02,0.0011320754716981133,33.528301886792455
2019-02-03,0.004433962264150944,41.35849056603774
2019-02-04,0.012897196261682248,21.33644859813084
2019-02-05,0.015225225225225228,9.333333333333334
2019-02-06,0.06567567567567566,16.92792792792793
2019-02-07,0.129074074074074,12.101851851851851
2019-02-08,0.06083333333333333,-3.462962962962963
2019-02-09,0.0,3.0576923076923075
2019-02-10,0.0495,21.26
2019-02-11,0.11257142857142857,22.961904761904762
2019-02-12,0.4074285714285714,21.857142857142858
2019-02-13,0.011834862385321105,6.146788990825688
2019-02-14,9.090909090909092e-05,25.954545454545453
2019-02-15,0.00018518518518518518,0.046296296296296294
2019-02-16,0.00330188679245283,4.226415094339623
2019-02-17,0.2646464646464647,20.303030303030305
2019-02-18,0.09098039215686267,8.392156862745098
2019-02-19,0.0008181818181818182,-1.6636363636363636
2019-02-20,0.2840186915887852,23.794392523364486
2019-02-21,0.05990740740740739,8.657407407407407
2019-02-22,0.00017857142857142857,14.401785714285714
2019-02-23,0.38028846153846135,30.64423076923077
2019-02-24,0.46939393939393936,12.474747474747474
2019-02-25,0.0008653846153846155,0.40384615384615385
2019-02-26,0.00018518518518518518,6.388888888888889
2019-02-27,0.0029357798165137615,9.385321100917432
2019-02-28,0.0008181818181818183,8.627272727272727
2019-03-01,0.004678899082568809,15.55045871559633
2019-03-02,0.010094339622641514,9.981132075471699
2019-03-03,0.004423076923076924,-3.798076923076923
2019-03-04,0.00045045045045045046,-5.351351351351352
2019-03-05,0.0,5.491228070175438
2019-03-06,0.0,5.587719298245614
2019-03-07,0.02098214285714286,13.928571428571429
2019-03-08,0.04027027027027024,24.08108108108108
2019-03-09,0.1297115384615385,32.45192307692308
2019-03-10,0.6559803921568625,24.470588235294116
2019-03-11,0.00018867924528301886,24.933962264150942
2019-03-12,0.033035714285714286,30.955357142857142
2019-03-13,0.47788990825688066,40.6605504587156
2019-03-14,0.3607619047619047,42.13333333333333
2019-03-15,0.062336448598130846,30.121495327102803
2019-03-16,0.0005607476635514019,27.121495327102803
2019-03-17,0.010192307692307693,28.048076923076923
2019-03-18,0.0,27.236363636363638
2019-03-19,8.928571428571429e-05,30.776785714285715
2019-03-20,0.07767857142857142,33.919642857142854
2019-03-21,0.0,32.825688073394495
2019-03-22,0.0,32.464285714285715
2019-03-23,0.0008737864077669904,33.04854368932039
2019-03-24,0.07558823529411761,41.6764705882353
2019-03-25,0.05339805825242718,34.737864077669904
2019-03-26,0.001238938053097345,31.97345132743363
2019-03-27,0.0,43.432432432432435
2019-03-28,0.00017543859649122808,41.973684210526315
2019-03-29,0.0272972972972973,36.153153153153156
2019-03-30,0.24428571428571433,33.114285714285714
2019-03-31,0.0005714285714285714,25.314285714285713
2019-04-01,0.0006363636363636363,34.654545454545456
2019-04-02,0.0667272727272727,34.20909090909091
2019-04-03,0.021454545454545452,33.78181818181818
2019-04-04,0.27267857142857144,42.044642857142854
2019-04-05,0.02973451327433627,43.88495575221239
2019-04-06,0.11192307692307692,48.81730769230769
2019-04-07,0.11682692307692305,53.25961538461539
2019-04-08,0.09155963302752294,46.46788990825688
2019-04-09,0.007678571428571429,44.24107142857143
2019-04-10,0.25607142857142856,39.38392857142857
2019-04-11,0.274,38.236363636363635
2019-04-12,0.09836363636363636,32.14545454545455
2019-04-13,0.008411214953271028,32.05607476635514
2019-04-14,9.259259259259259e-05,32.22222222222222
2019-04-15,0.0017857142857142859,37.625
2019-04-16,0.02151785714285714,49.419642857142854
2019-04-17,0.015596330275229359,55.055045871559635
2019-04-18,0.14618181818181814,42.945454545454545
2019-04-19,0.0026363636363636363,40.03636363636364
2019-04-20,0.0001923076923076923,43.625
2019-04-21,0.0022857142857142855,57.24761904761905
2019-04-22,0.07527777777777779,56.72222222222222
2019-04-23,0.17009345794392522,45.1588785046729
2019-04-24,0.009642857142857144,46.32142857142857
2019-04-25,0.0569090909090909,49.82727272727273
2019-04-26,0.09385321100917432,44.43119266055046
2019-04-27,0.2825490196078432,41.57843137254902
2019-04-28,0.35090000000000005,35.04
2019-04-29,0.4856730769230771,45.61538461538461
2019-04-30,0.20388888888888893,46.02777777777778
2019-05-01,0.38441441441441443,43.468468468468465
2019-05-02,0.11518867924528295,45.235849056603776
2019-05-03,0.006944444444444444,42.851851851851855
2019-05-04,0.019238095238095238,46.00952380952381
2019-05-05,0.03819047619047618,53.32380952380952
2019-05-06,0.18925233644859815,51.14018691588785
2019-05-07,0.10036363636363632,48.71818181818182
2019-05-08,0.35935779816513763,45.77981651376147
2019-05-09,0.5874545454545453,40.85454545454545
2019-05-10,0.0007339449541284404,41.18348623853211
2019-05-11,0.02226415094339623,46.87735849056604
2019-05-12,0.15299065420560742,44.35514018691589
2019-05-13,0.03296296296296296,43.398148148148145
2019-05-14,0.09884955752212389,51.336283185840706
2019-05-15,0.09270270270270271,52.909909909909906
2019-05-16,0.02008849557522124,65.27433628318585
2019-05-17,0.45113043478260884,60.278260869565216
2019-05-18,0.2686792452830189,58.886792452830186
2019-05-19,0.8246226415094341,52.698113207547166
2019-05-20,0.04889908256880732,42.43119266055046
2019-05-21,0.19821428571428568,47.330357142857146
2019-05-22,0.7163716814159292,55.80530973451327
2019-05-23,0.04131578947368421,53.14035087719298
2019-05-24,1.0485087719298245,58.14912280701754
2019-05-25,0.276116504854369,64.48543689320388
2019-05-26,0.27495145631067963,60.48543689320388
2019-05-27,0.4919230769230771,63.74038461538461
2019-05-28,0.4688785046728971,54.13084112149533
2019-05-29,0.9668749999999998,58.160714285714285
2019-05-30,0.21578947368421056,58.94736842105263
2019-05-31,0.014424778761061952,60.8141592920354
2019-06-01,0.012075471698113212,63.264150943396224
2019-06-02,0.011603773584905662,56.85849056603774
2019-06-03,0.0018518518518518517,59.083333333333336
2019-06-04,0.20192660550458716,64.54128440366972
2019-06-05,0.2059821428571429,67.15178571428571
2019-06-06,0.03429906542056074,67.29906542056075
2019-06-07,0.02009090909090909,68.34545454545454
2019-06-08,0.0010679611650485437,66.67961165048544
2019-06-09,0.007788461538461539,65.0576923076923
2019-06-10,0.012293577981651376,57.60550458715596
2019-06-11,0.018333333333333337,58.48245614035088
2019-06-12,0.18675675675675674,57.387387387387385
2019-06-13,0.0518018018018018,52.927927927927925
2019-06-14,0.00045871559633027525,63.211009174311926
2019-06-15,0.07209523809523807,65.86666666666666
2019-06-16,0.5286666666666666,62.34285714285714
2019-06-17,0.0194392523364486,62.45794392523364
2019-06-18,0.19464285714285712,62.92857142857143
2019-06-19,0.16678571428571431,62.526785714285715
2019-06-20,0.17566371681415924,61.38053097345133
2019-06-21,0.2015929203539822,63.68141592920354
2019-06-22,0.370925925925926,62.657407407407405
2019-06-23,0.5008411214953269,66.37383177570094
2019-06-24,0.22906542056074763,63.38317757009346
2019-06-25,0.07353982300884954,65.38053097345133
2019-06-26,0.1299082568807339,65.23853211009174
2019-06-27,0.052543859649122795,70.6140350877193
2019-06-28,0.30999999999999994,73.60526315789474
2019-06-29,0.16747663551401865,73.73831775700934
2019-06-30,0.011495327102803737,77.70093457943925
2019-07-01,0.17734513274336283,72.88495575221239
2019-07-02,0.2190350877192983,73.86842105263158
2019-07-03,0.21895652173913044,71.69565217391305
2019-07-04,0.22171171171171164,71.3963963963964
2019-07-05,0.19446428571428567,70.8125
2019-07-06,0.1111214953271028,69.94392523364486
2019-07-07,0.0008411214953271028,67.6822429906542
2019-07-08,0.0,68.04587155963303
2019-07-09,0.022777777777777786,70.22222222222223
2019-07-10,0.15589285714285708,70.96428571428571
2019-07-11,0.006576576576576577,66.89189189189189
2019-07-12,0.003363636363636364,65.9
2019-07-13,0.06836538461538462,71.75
2019-07-14,0.028932038834951466,73.96116504854369
2019-07-15,0.015420560747663552,74.18691588785046
2019-07-16,0.1391743119266055,70.8348623853211
2019-07-17,0.2491666666666667,71.89814814814815
2019-07-18,0.6456603773584907,76.24528301886792
2019-07-19,0.07277777777777776,79.45370370370371
2019-07-20,0.030666666666666665,77.63809523809523
2019-07-21,0.4402912621359222,67.57281553398059
2019-07-22,0.03278846153846153,63.88461538461539
2019-07-23,0.0,60.236363636363635
2019-07-24,0.002181818181818182,62.163636363636364
2019-07-25,0.005779816513761469,64.07339449541284
2019-07-26,0.0773394495412844,69.55963302752293
2019-07-27,0.0027027027027027033,71.09909909909909
2019-07-28,0.018818181818181817,71.31818181818181
2019-07-29,0.41756756756756747,66.83783783783784
2019-07-30,0.00017857142857142857,60.25
2019-07-31,0.04176991150442479,60.88495575221239
2019-08-01,0.14026785714285714,63.05357142857143
2019-08-02,0.00036363636363636367,63.22727272727273
2019-08-03,0.0025242718446601945,66.62135922330097
2019-08-04,0.0005154639175257732,66.36082474226804
2019-08-05,0.018598130841121496,68.71028037383178
2019-08-06,0.3586363636363636,66.01818181818182
2019-08-07,0.0007272727272727273,66.04545454545455
2019-08-08,0.004954128440366972,65.91743119266054
2019-08-09,0.015462962962962965,60.2037037037037
2019-08-10,0.02150943396226415,66.80188679245283
2019-08-11,0.09384615384615382,70.88461538461539
2019-08-12,0.30407407407407405,69.75925925925925
2019-08-13,0.20513513513513507,68.58558558558559
2019-08-14,0.019272727272727275,61.75454545454546
2019-08-15,0.009285714285714288,59.892857142857146
2019-08-16,0.03981818181818181,64.28181818181818
2019-08-17,0.08173076923076922,64.46153846153847
2019-08-18,0.7764423076923082,65.0673076923077
2019-08-19,0.05186915887850467,63.83177570093458
2019-08-20,0.613644859813084,69.96261682242991
2019-08-21,0.2017117117117117,67.81981981981981
2019-08-22,0.12702702702702703,58.765765765765764
2019-08-23,0.0,58.80909090909091
2019-08-24,0.00018518518518518518,58.74074074074074
2019-08-25,0.012735849056603774,61.15094339622642
2019-08-26,0.18642201834862385,63.23853211009175
2019-08-27,0.08594594594594593,59.24324324324324
2019-08-28,0.0008771929824561404,55.58771929824562
2019-08-29,0.03607142857142857,62.544642857142854
2019-08-30,0.09249999999999999,57.17857142857143
2019-08-31,0.016078431372549024,57.970588235294116
2019-09-01,0.05280898876404492,58.89887640449438
2019-09-02,0.0003260869565217391,65.52173913043478
2019-09-03,0.04197916666666666,71.33333333333333
2019-09-04,0.007551020408163267,54.826530612244895
2019-09-05,0.0,58.67741935483871
2019-09-06,0.0002127659574468085,62.659574468085104
2019-09-07,0.009789473684210527,58.85263157894737
2019-09-08,0.45467391304347815,60.04347826086956
2019-09-09,0.1206382978723404,64.08510638297872
2019-09-10,0.5718947368421053,69.5578947368421
2019-09-11,0.46749999999999997,69.77173913043478
2019-09-12,0.4641758241758241,69.89010989010988
2019-09-13,0.49869565217391315,58.16304347826087
2019-09-14,0.00875,57.80681818181818
2019-09-15,0.31797752808988766,67.89887640449439
2019-09-16,0.010319148936170214,66.48936170212765
2019-09-17,0.0005319148936170213,68.81914893617021
2019-09-18,0.12104166666666667,69.28125
2019-09-19,0.39129032258064533,68.40860215053763
2019-09-20,0.26550561797752814,68.84269662921348
2019-09-21,0.07899999999999999,70.97777777777777
2019-09-22,0.8848314606741573,64.04494382022472
2019-09-23,0.3458426966292136,53.60674157303371
2019-09-24,0.0016129032258064516,61.806451612903224
2019-09-25,0.2784946236559139,61.03225806451613
2019-09-26,0.0010638297872340426,50.819148936170215
2019-09-27,0.03674157303370786,62.86516853932584
2019-09-28,0.32999999999999996,52.648936170212764
2019-09-29,0.4624175824175826,58.13186813186813
2019-09-30,0.3619791666666667,71.375
