date,soybean_open_price,soybean_avg_price
2019-10-14,941.62,938.0
2019-10-11,924.12,931.37
2019-10-10,919.38,926.25
2019-10-09,918.88,924.94
2019-10-08,915.62,917.06
2019-10-07,917.12,915.62
2019-10-04,911.38,915.37
2019-10-03,912.75,913.37
2019-10-02,916.88,915.25
2019-10-01,904.12,911.63
2019-09-30,884.62,895.25
2019-09-27,887.88,885.37
2019-09-26,888.12,891.13
2019-09-25,893.88,891.44
2019-09-24,892.38,894.75
2019-09-23,882.88,891.0
2019-09-20,893.0,887.13
2019-09-19,889.38,890.63
2019-09-18,895.75,891.88
2019-09-17,899.75,894.31
2019-09-16,904.12,899.25
2019-09-13,894.62,898.25
2019-09-12,871.88,882.435
2019-09-11,872.88,868.62
2019-09-10,859.62,866.0
2019-09-09,858.12,856.12
2019-09-08,857.5,857.5
2019-09-06,863.0,861.25
2019-09-05,875.12,868.5
2019-09-04,867.25,871.88
2019-09-03,866.38,864.25
2019-08-30,868.38,872.37
2019-08-29,865.62,869.0
2019-08-28,859.38,860.12
2019-08-27,865.62,861.0
2019-08-26,855.88,863.13
2019-08-23,868.38,863.56
2019-08-22,873.62,874.88
2019-08-21,869.12,871.87
2019-08-20,869.38,870.25
2019-08-19,874.75,871.12
2019-08-18,878.88,878.88
2019-08-16,871.12,875.63
2019-08-15,878.88,877.63
2019-08-14,890.0,885.44
2019-08-13,878.12,886.185
2019-08-12,891.62,884.0
2019-08-09,883.12,888.0
2019-08-08,867.5,874.87
2019-08-07,865.88,865.62
2019-08-06,866.62,868.62
2019-08-05,870.62,863.75
2019-08-04,870.12,870.12
2019-08-02,867.62,867.5
2019-08-01,880.75,871.0
2019-07-31,895.75,890.0
2019-07-30,903.25,897.5
2019-07-29,899.5,904.065
2019-07-26,901.12,902.56
2019-07-25,908.62,905.62
2019-07-24,903.38,907.12
2019-07-23,907.88,904.5
2019-07-22,919.88,913.5
2019-07-19,900.12,910.63
2019-07-18,898.25,898.25
2019-07-17,905.88,906.0
2019-07-16,916.88,909.935
2019-07-15,934.38,927.5
2019-07-12,917.38,922.75
2019-07-11,912.0,912.935
2019-07-10,904.38,906.38
2019-07-09,898.62,897.5
2019-07-08,899.25,897.13
2019-07-05,888.25,881.935
2019-07-03,880.38,883.56
2019-07-02,890.88,886.94
2019-07-01,915.12,901.685
2019-06-30,881.5,881.69
2019-06-28,893.12,902.37
2019-06-27,899.25,896.625
2019-06-26,907.38,903.25
2019-06-25,921.0,914.375
2019-06-24,906.62,911.31
2019-06-21,914.88,909.87
2019-06-20,900.38,907.0
2019-06-19,912.25,907.5
2019-06-18,918.88,912.065
2019-06-17,901.62,907.75
2019-06-14,887.38,891.62
2019-06-13,878.0,883.44
2019-06-12,857.75,868.12
2019-06-11,855.62,857.0
2019-06-10,853.0,857.25
2019-06-07,868.25,863.25
2019-06-06,869.75,865.065
2019-06-05,881.75,875.5
2019-06-04,892.12,886.625
2019-06-03,876.12,880.13
2019-05-31,889.0,883.62
2019-05-30,871.38,876.5
2019-05-29,866.62,878.06
2019-05-28,839.25,847.87
2019-05-24,821.38,825.75
2019-05-23,828.38,825.065
2019-05-22,821.25,827.19
2019-05-21,839.5,832.88
2019-05-20,828.88,831.88
2019-05-17,840.38,831.315
2019-05-16,835.25,839.44
2019-05-15,832.62,837.62
2019-05-14,806.88,821.88
2019-05-13,804.0,799.19
2019-05-10,813.0,812.435
2019-05-09,826.12,816.5
2019-05-08,830.62,829.88
2019-05-07,829.38,831.75
2019-05-06,827.88,825.5
2019-05-03,844.25,844.435
2019-05-02,852.88,847.81
2019-05-01,853.62,851.0
2019-04-30,861.38,858.0
2019-04-29,868.25,866.75
2019-04-26,858.75,856.315
2019-04-25,854.88,858.12
2019-04-24,862.75,859.935
2019-04-23,877.12,869.75
2019-04-22,881.12,879.75
2019-04-19,880.75,880.75
2019-04-18,879.12,879.25
2019-04-17,887.88,884.44
2019-04-16,898.38,892.75
2019-04-15,895.12,898.38
2019-04-12,895.0,896.37
2019-04-11,901.5,898.63
2019-04-10,898.75,900.63
2019-04-09,898.5,898.44
2019-04-08,899.12,900.75
2019-04-05,904.25,900.5
2019-04-04,898.5,902.06
2019-04-03,899.62,898.88
2019-04-02,895.75,896.87
2019-04-01,883.88,891.38
2019-03-29,888.88,887.81
2019-03-28,887.88,889.12
2019-03-27,900.25,893.37
2019-03-26,905.75,903.5
2019-03-25,903.88,904.87
2019-03-22,909.88,907.5
2019-03-21,905.62,907.75
2019-03-20,902.88,902.815
2019-03-19,905.88,904.75
2019-03-18,909.88,906.63
2019-03-15,899.38,904.37
2019-03-14,901.12,900.87
2019-03-13,896.12,897.75
2019-03-12,890.12,893.88
2019-03-11,897.88,894.25
2019-03-08,901.5,898.5
2019-03-07,902.0,902.88
2019-03-06,913.75,908.62
2019-03-05,916.25,913.75
2019-03-04,914.88,918.75
2019-03-01,910.0,909.25
2019-02-28,916.5,914.0
2019-02-27,917.5,918.37
2019-02-26,924.0,918.19
2019-02-25,930.88,929.065
2019-02-22,910.75,911.185
2019-02-21,902.25,908.06
2019-02-20,901.75,899.0
2019-02-19,907.25,903.0
2019-02-18,907.75,907.625
2019-02-17,907.5,907.625
2019-02-15,905.75,905.38
2019-02-14,917.5,910.62
2019-02-13,917.5,916.88
2019-02-12,905.75,912.685
2019-02-11,914.25,911.25
2019-02-10,914.75,914.0
2019-02-08,913.12,912.87
2019-02-07,921.25,916.0
2019-02-06,919.88,920.0
2019-02-05,919.0,917.25
2019-02-04,917.5,919.62
2019-02-03,917.5,917.5
2019-02-01,915.75,923.375
2019-01-31,920.0,920.0
2019-01-30,919.5,920.63
2019-01-29,923.0,919.94
2019-01-28,920.25,920.38
2019-01-27,922.5,921.75
2019-01-25,916.25,919.63
2019-01-24,915.12,914.5
2019-01-23,911.0,914.06
2019-01-22,915.0,909.63
2019-01-21,916.25,915.125
2019-01-20,915.0,915.0
2019-01-18,907.75,913.0
2019-01-17,894.75,903.13
2019-01-16,893.5,895.5
2019-01-15,903.25,900.25
2019-01-14,910.25,906.31
2019-01-11,907.25,909.625
2019-01-10,923.5,915.125
2019-01-09,918.5,921.94
2019-01-08,923.25,920.12
2019-01-07,921.0,924.31
2019-01-06,921.0,920.625
2019-01-04,910.5,916.315
2019-01-03,905.25,908.75
2019-01-02,894.0,901.375
2018-12-31,893.25,896.875
2018-12-28,868.0,877.19
2018-12-27,870.5,871.375
2018-12-26,884.38,878.875
2018-12-24,881.12,883.0
2018-12-21,895.5,889.375
2018-12-20,899.5,899.0
2018-12-19,906.88,904.44
2018-12-18,905.0,907.25
2018-12-17,899.0,904.06
2018-12-16,898.5,898.5
2018-12-14,906.0,905.06
2018-12-13,919.0,912.44
2018-12-12,914.75,921.0
2018-12-11,906.0,911.56
2018-12-10,914.0,912.44
2018-12-09,914.75,913.625
2018-12-07,909.75,912.69
2018-12-06,911.5,904.5
2018-12-05,910.5,912.625
2018-12-04,904.75,906.25
2018-12-03,919.25,913.875
2018-11-30,888.75,891.5
2018-11-29,890.75,888.25
2018-11-28,877.0,884.375
2018-11-27,862.5,869.125
2018-11-26,881.0,870.125
2018-11-23,884.5,882.25
2018-11-22,884.5,884.5
2018-11-21,881.25,882.5
2018-11-20,874.0,878.25
2018-11-19,891.5,881.5
2018-11-16,889.0,888.25
2018-11-15,883.0,890.125
2018-11-14,878.25,882.75
2018-11-13,881.5,884.0
2018-11-12,886.0,883.25
2018-11-09,879.0,881.25
2018-11-08,879.5,874.25
2018-11-07,884.75,882.375
2018-11-06,885.5,883.75
2018-11-05,886.75,887.25
2018-11-04,886.75,886.75
2018-11-02,880.5,889.75
2018-11-01,849.75,867.125
2018-10-31,846.0,849.875
2018-10-30,851.75,850.5
2018-10-29,859.75,858.0
2018-10-28,858.5,859.125
2018-10-26,841.0,845.125
2018-10-25,850.0,845.375
2018-10-24,855.75,853.375
2018-10-23,856.5,857.0
2018-10-22,856.25,859.25
2018-10-21,855.75,855.875
2018-10-19,865.75,861.25
2018-10-18,882.75,873.25
2018-10-17,883.0,885.875
2018-10-16,890.75,885.125
2018-10-15,867.5,877.75
2018-10-14,867.0,867.25
2018-10-12,859.75,863.375
2018-10-11,851.25,855.25
2018-10-10,862.5,856.0
2018-10-09,869.5,866.0
2018-10-08,872.25,868.75
2018-10-07,872.25,872.25
2018-10-05,859.75,860.875
2018-10-04,860.5,863.375
2018-10-03,866.75,865.375
2018-10-02,855.5,860.125
2018-10-01,845.5,853.5
2018-09-30,845.0,845.25
2018-09-28,853.75,850.625
2018-09-27,847.75,852.75
2018-09-26,846.5,850.0
2018-09-25,841.25,847.625
2018-09-24,843.5,841.875
2018-09-23,844.5,844.0
2018-09-21,846.25,845.5
2018-09-20,830.0,840.0
2018-09-19,814.5,822.625
2018-09-18,821.5,818.75
2018-09-17,827.5,825.25
2018-09-16,827.75,828.0
2018-09-14,835.25,833.75
2018-09-13,839.25,839.125
2018-09-12,831.25,832.625
2018-09-11,847.0,840.125
2018-09-10,842.5,845.875
2018-09-09,841.75,841.875
2018-09-07,838.25,841.125
2018-09-06,838.75,838.75
2018-09-05,845.25,843.25
2018-09-04,846.75,844.125
2018-09-03,845.5,846.0
2018-08-31,829.5,837.625
2018-08-30,836.0,836.75
2018-08-29,833.75,837.875
2018-08-28,847.75,841.625
2018-08-27,851.0,845.75
2018-08-24,854.5,857.0
2018-08-23,867.75,863.625
2018-08-22,885.0,876.5
2018-08-21,888.75,889.5
2018-08-20,903.0,897.0
2018-08-17,886.5,879.25
2018-08-16,859.0,871.5
2018-08-15,870.75,864.375
2018-08-14,855.75,861.25
2018-08-13,846.0,849.5
2018-08-10,892.75,871.25
2018-08-09,898.5,897.5
2018-08-08,893.0,895.5
2018-08-07,887.75,891.625
2018-08-06,890.5,884.75
2018-08-03,887.75,883.125
2018-08-02,887.75,884.5
2018-08-01,901.0,895.875
2018-07-31,881.0,895.0
2018-07-30,884.25,881.25
2018-07-27,859.0,866.375
2018-07-26,873.0,869.625
2018-07-25,859.25,862.25
2018-07-24,845.25,852.625
2018-07-23,853.25,850.0
2018-07-22,850.25,850.25
2018-07-20,848.0,847.25
2018-07-19,843.0,842.5
2018-07-18,840.0,841.125
2018-07-17,835.5,836.875
2018-07-16,817.75,824.375
2018-07-13,837.5,824.75
2018-07-12,836.25,831.75
2018-07-11,849.5,841.125
2018-07-10,855.0,855.875
2018-07-09,875.5,865.0
2018-07-06,839.25,858.875
2018-07-05,847.75,844.25
2018-07-03,855.75,852.25
2018-07-02,865.25,859.25
2018-06-29,868.75,872.125
2018-06-28,870.75,870.125
2018-06-27,871.75,877.375
2018-06-26,880.0,877.125
2018-06-25,901.25,890.5
2018-06-22,882.75,888.75
2018-06-21,890.5,884.75
2018-06-20,892.5,886.125
2018-06-19,904.0,874.125
2018-06-18,905.25,905.75
2018-06-15,925.25,916.25
2018-06-14,934.25,930.875
2018-06-13,956.0,946.25
2018-06-12,955.75,957.625
2018-06-11,967.0,962.75
2018-06-08,975.0,969.5
2018-06-07,995.5,985.625
2018-06-06,1004.75,1001.0
2018-06-05,1002.25,1001.875
2018-06-04,1013.0,1007.875
2018-06-01,1021.5,1020.75
2018-05-31,1024.75,1022.375
2018-05-30,1028.75,1023.375
2018-05-29,1045.75,1038.75
2018-05-28,1045.5,1045.625
2018-05-25,1035.75,1039.75
2018-05-24,1039.25,1043.125
2018-05-23,1030.75,1033.75
2018-05-22,1022.25,1028.0
2018-05-21,1016.75,1019.375
2018-05-20,998.0,998.0
2018-05-18,997.0,1000.375
2018-05-17,1000.75,999.875
2018-05-16,1018.0,1008.625
2018-05-15,1017.25,1015.25
2018-05-14,1002.75,1013.875
2018-05-11,1021.5,1012.125
2018-05-10,1018.0,1023.75
2018-05-09,1022.5,1017.5
2018-05-08,1013.5,1017.25
2018-05-07,1034.5,1025.5
2018-05-06,1035.0,1035.0
2018-05-04,1049.5,1044.375
2018-05-03,1042.0,1044.75
2018-05-02,1054.5,1047.25
2018-05-01,1049.0,1048.125
2018-04-30,1058.0,1057.25
2018-04-27,1029.5,1032.875
2018-04-26,1028.5,1029.25
2018-04-25,1023.25,1026.875
2018-04-24,1020.75,1021.25
2018-04-23,1026.75,1025.25
2018-04-22,1029.5,1029.5
2018-04-20,1036.75,1033.125
2018-04-19,1041.5,1038.75
2018-04-18,1046.25,1045.875
2018-04-17,1043.25,1044.625
2018-04-16,1054.75,1050.125
2018-04-13,1060.5,1059.5
2018-04-12,1047.75,1054.625
2018-04-11,1051.0,1052.875
2018-04-10,1046.25,1054.0
2018-04-09,1039.0,1047.75
2018-04-06,1012.0,1021.125
2018-04-05,1015.75,1019.375
2018-04-04,1038.75,1012.5
2018-04-03,1035.75,1042.25
2018-04-02,1046.0,1047.875
2018-03-29,1020.25,1031.5
2018-03-28,1019.0,1019.25
2018-03-27,1026.75,1024.125
2018-03-26,1026.5,1032.75
2018-03-23,1026.75,1021.75
2018-03-22,1032.0,1028.875
2018-03-21,1029.5,1031.125
2018-03-20,1022.75,1026.0
2018-03-19,1045.25,1033.625
2018-03-16,1042.0,1045.375
2018-03-15,1031.0,1036.875
2018-03-14,1048.75,1042.5
2018-03-13,1042.0,1046.875
2018-03-12,1036.25,1038.375
2018-03-09,1062.0,1050.875
2018-03-08,1063.5,1063.0
2018-03-07,1074.75,1070.125
2018-03-06,1076.75,1074.0
2018-03-05,1073.5,1072.875
2018-03-02,1067.75,1073.125
2018-03-01,1055.0,1059.625
2018-02-28,1049.0,1052.625
2018-02-27,1046.25,1049.75
2018-02-26,1051.25,1052.625
2018-02-23,1031.5,1034.0
2018-02-22,1034.0,1032.125
2018-02-21,1025.75,1028.75
2018-02-20,1021.25,1030.125
2018-02-19,1021.25,1021.25
2018-02-18,1021.25,1021.25
2018-02-16,1024.0,1020.625
2018-02-15,1017.0,1020.125
2018-02-14,1010.75,1012.75
2018-02-13,1001.25,1006.125
2018-02-12,996.0,996.625
2018-02-09,987.5,984.625
2018-02-08,984.0,986.875
2018-02-07,987.0,987.875
2018-02-06,970.25,977.625
2018-02-05,978.5,974.0
2018-02-04,978.5,978.5
2018-02-02,984.75,981.625
2018-02-01,996.75,987.125
2018-01-31,999.5,995.625
2018-01-30,991.25,996.625
2018-01-29,991.75,992.5
2018-01-26,991.25,989.625
2018-01-25,990.25,994.25
2018-01-24,985.75,987.5
2018-01-23,983.25,984.125
2018-01-22,980.5,983.75
2018-01-19,972.5,977.375
2018-01-18,968.75,970.625
2018-01-17,966.75,965.25
2018-01-16,965.5,966.625
2018-01-12,949.0,953.5
2018-01-11,954.5,953.25
2018-01-10,963.25,957.625
2018-01-09,967.0,964.75
2018-01-08,970.0,966.0
2018-01-05,967.25,972.0
2018-01-04,969.0,964.125
2018-01-03,965.5,966.75
2018-01-02,967.5,964.375
2017-12-29,956.5,959.25
2017-12-28,966.25,961.375
2017-12-27,969.25,970.5
2017-12-26,964.0,968.875
2017-12-22,947.88,952.87
2017-12-21,953.38,952.37
2017-12-20,955.88,956.63
2017-12-19,962.12,959.62
2017-12-18,969.88,963.75
2017-12-15,967.88,968.12
2017-12-14,979.88,973.75
2017-12-13,977.12,978.75
2017-12-12,982.12,980.75
2017-12-11,988.88,985.25
2017-12-08,991.88,991.25
2017-12-07,1003.88,997.38
2017-12-06,1008.12,1004.62
2017-12-05,999.12,1006.25
2017-12-04,998.38,1002.63
2017-12-01,986.88,990.75
2017-11-30,992.62,989.0
2017-11-29,992.88,992.88
2017-11-28,995.62,991.75
2017-11-27,993.88,996.0
2017-11-24,994.88,995.37
2017-11-22,987.88,993.5
2017-11-21,989.62,988.75
2017-11-20,989.88,987.5
2017-11-17,972.62,981.75
2017-11-16,976.38,974.38
2017-11-15,969.12,973.0
2017-11-14,975.12,972.12
2017-11-13,987.12,982.0
2017-11-10,985.88,987.315
2017-11-09,998.12,995.62
2017-11-08,996.0,997.13
2017-11-07,994.38,995.0
2017-11-06,987.12,990.5
2017-11-03,998.62,992.38
2017-11-02,990.12,995.25
2017-11-01,984.75,989.38
2017-10-31,984.38,985.25
2017-10-30,986.88,988.185
2017-10-27,970.62,973.25
2017-10-26,975.88,974.62
2017-10-25,975.88,979.25
2017-10-24,979.88,977.88
2017-10-23,977.12,979.0
2017-10-20,985.38,986.25
2017-10-19,983.38,986.13
2017-10-18,985.38,985.13
2017-10-17,989.38,986.5
2017-10-16,997.88,994.565
2017-10-13,990.88,996.75
2017-10-12,964.88,979.63
2017-10-11,965.62,965.38
2017-10-10,966.25,970.0
2017-10-09,974.38,971.13
2017-10-06,967.88,968.25
2017-10-05,958.38,964.38
2017-10-04,955.62,957.25
2017-10-03,956.38,956.87
2017-10-02,967.38,962.13
2017-09-29,959.12,965.63
2017-09-28,964.88,961.75
2017-09-27,963.12,963.25
2017-09-26,971.62,968.37
2017-09-25,983.38,978.37
2017-09-22,969.62,978.0
2017-09-21,970.12,968.0
2017-09-20,966.88,969.38
2017-09-19,968.12,965.12
2017-09-18,966.62,971.5
2017-09-15,975.38,972.44
2017-09-14,960.88,969.25
2017-09-13,949.62,955.13
2017-09-12,960.38,952.12
2017-09-11,964.62,962.81
2017-09-08,967.88,969.25
2017-09-07,971.38,971.565
2017-09-06,967.62,970.75
2017-09-05,953.38,963.0
2017-09-01,947.62,947.37
2017-08-31,933.12,940.75
2017-08-30,936.88,936.25
2017-08-29,940.62,939.12
2017-08-28,943.88,944.25
2017-08-25,939.88,939.435
2017-08-24,934.38,937.44
2017-08-23,941.0,936.12
2017-08-22,931.62,933.13
2017-08-21,935.12,933.185
2017-08-18,930.12,933.38
2017-08-17,925.62,927.0
2017-08-16,921.38,921.44
2017-08-15,932.62,927.315
2017-08-14,929.62,929.63
2017-08-11,935.12,934.94
2017-08-10,966.38,956.25
2017-08-09,966.88,965.75
2017-08-08,966.38,968.815
2017-08-07,957.75,961.25
2017-08-04,953.62,954.69
2017-08-03,969.12,959.25
2017-08-02,964.5,968.25
2017-08-01,988.5,978.37
2017-07-31,994.88,994.5
2017-07-28,992.88,998.5
2017-07-27,991.62,994.0
2017-07-26,980.38,982.25
2017-07-25,1012.88,1001.75
2017-07-24,999.38,992.63
2017-07-21,1011.12,1007.63
2017-07-20,999.62,1006.25
2017-07-19,991.88,994.5
2017-07-18,998.12,995.06
2017-07-17,988.88,988.5
2017-07-14,975.38,982.06
2017-07-13,1014.88,995.13
2017-07-12,1026.12,1020.8699999999999
2017-07-11,1027.12,1020.3699999999999
2017-07-10,1013.12,1021.25
2017-07-07,985.12,993.0
2017-07-06,983.88,980.63
2017-07-05,982.5,977.75
2017-07-03,956.62,968.37
2017-06-30,920.38,934.0
2017-06-29,919.38,925.75
2017-06-28,916.38,919.0
2017-06-27,913.62,918.0
2017-06-26,909.12,912.315
2017-06-23,906.38,904.63
2017-06-22,919.88,911.87
2017-06-21,929.12,924.75
2017-06-20,937.62,933.37
2017-06-19,936.62,940.63
2017-06-16,935.62,937.12
2017-06-15,931.12,932.0
2017-06-14,932.38,935.0
2017-06-13,933.38,936.63
2017-06-12,941.62,936.5
2017-06-09,936.62,938.5
2017-06-08,931.12,937.75
2017-06-07,925.12,929.63
2017-06-06,920.88,927.12
2017-06-05,925.38,922.13
2017-06-02,912.62,917.38
2017-06-01,916.38,916.25
2017-05-31,915.12,915.0
2017-05-30,927.62,919.5
2017-05-26,939.88,933.25
2017-05-25,947.62,945.62
2017-05-24,948.88,947.5
2017-05-23,956.12,953.12
2017-05-22,954.12,957.5
2017-05-19,944.62,950.37
2017-05-18,970.62,957.0
2017-05-17,975.62,977.06
2017-05-16,965.38,970.25
2017-05-15,962.62,967.63
2017-05-12,964.62,964.0
2017-05-11,970.88,969.25
2017-05-10,974.38,977.69
2017-05-09,965.38,970.37
2017-05-08,971.62,969.12
2017-05-05,974.38,975.38
2017-05-04,976.62,974.75
2017-05-03,969.62,971.88
2017-05-02,969.12,971.88
2017-05-01,961.88,966.62
2017-04-28,956.75,955.56
2017-04-27,957.12,957.815
2017-04-26,965.62,961.815
2017-04-25,969.38,968.0
2017-04-24,963.25,967.0
2017-04-21,945.62,948.75
2017-04-20,950.12,950.87
2017-04-19,946.75,948.565
2017-04-18,952.12,947.38
2017-04-17,958.62,956.75
2017-04-13,947.12,953.13
2017-04-12,942.38,946.185
2017-04-11,941.62,937.38
2017-04-10,944.12,944.13
2017-04-07,938.62,941.38
2017-04-06,944.38,943.25
2017-04-05,937.62,943.0
2017-04-04,939.5,939.62
2017-04-03,946.38,943.37
2017-03-31,961.38,955.38
2017-03-30,969.75,965.5
2017-03-29,970.88,971.63
2017-03-28,971.38,973.75
2017-03-27,976.12,973.5
2017-03-24,990.62,981.63
2017-03-23,999.38,996.25
2017-03-22,1000.62,998.62
2017-03-21,1000.38,1001.5
2017-03-20,1003.62,1003.5
2017-03-17,1001.62,999.38
2017-03-16,999.62,1001.25
2017-03-15,998.62,1001.5
2017-03-14,1006.5,1000.0
2017-03-13,1006.38,1006.87
2017-03-10,1011.88,1007.935
2017-03-09,1020.88,1014.5
2017-03-08,1025.62,1023.1199999999999
2017-03-07,1038.62,1032.0
2017-03-06,1039.12,1042.13
2017-03-03,1037.62,1034.88
2017-03-02,1049.12,1041.5
2017-03-01,1036.88,1043.5
2017-02-28,1024.38,1039.81
2017-02-27,1027.38,1023.0
2017-02-24,1011.88,1012.75
2017-02-23,1022.62,1018.5
2017-02-22,1027.88,1027.0
2017-02-21,1033.88,1035.25
2017-02-17,1043.38,1038.61
2017-02-16,1060.12,1052.61
2017-02-15,1045.12,1050.89
2017-02-14,1055.12,1049.25
2017-02-13,1059.38,1056.11
2017-02-10,1050.12,1055.5
2017-02-09,1055.88,1053.25
2017-02-08,1041.88,1049.81
2017-02-07,1038.88,1037.61
2017-02-06,1027.88,1034.38
2017-02-03,1036.12,1035.26
2017-02-02,1037.12,1036.56
2017-02-01,1024.12,1027.25
2017-01-31,1023.12,1023.1099999999999
2017-01-30,1043.88,1031.74
2017-01-27,1047.38,1047.5
2017-01-26,1055.38,1052.11
2017-01-25,1057.38,1055.0
2017-01-24,1060.12,1059.75
2017-01-23,1066.88,1062.39
2017-01-20,1070.12,1065.685
2017-01-19,1072.62,1072.0
2017-01-18,1067.88,1071.25
2017-01-17,1054.12,1063.815
2017-01-13,1037.62,1042.86
2017-01-12,1009.38,1023.6099999999999
2017-01-11,1012.38,1008.75
2017-01-10,1003.62,1006.14
2017-01-09,995.12,999.75
2017-01-06,1012.62,1004.11
2017-01-05,1013.38,1011.75
2017-01-04,995.88,1004.125
2017-01-03,1005.4,1003.11
2016-12-30,1013.12,1010.5
2016-12-29,1016.12,1017.75
2016-12-28,1023.88,1019.8900000000001
2016-12-27,998.62,1011.5
2016-12-23,995.75,992.38
2016-12-22,1007.75,1000.935
2016-12-21,1006.88,1008.62
2016-12-20,1023.12,1014.0
2016-12-19,1031.88,1029.685
2016-12-16,1029.75,1030.25
2016-12-15,1023.88,1028.13
2016-12-14,1027.38,1025.0
2016-12-13,1031.38,1032.12
2016-12-12,1040.75,1037.0
2016-12-09,1025.62,1030.0
2016-12-08,1047.38,1035.75
2016-12-07,1047.88,1046.5
2016-12-06,1043.12,1050.38
2016-12-05,1030.12,1038.75
2016-12-02,1033.62,1032.06
2016-12-01,1034.88,1031.13
2016-11-30,1044.12,1042.12
2016-11-29,1053.62,1049.0
2016-11-28,1044.38,1053.88
2016-11-25,1032.62,1038.25
2016-11-23,1029.25,1026.5
2016-11-22,1020.38,1024.81
2016-11-21,997.75,1008.685
2016-11-18,988.25,989.5
2016-11-17,986.88,987.37
2016-11-16,994.12,990.25
2016-11-15,987.0,984.25
2016-11-14,988.12,982.5
2016-11-11,1005.62,997.5
2016-11-10,992.38,1004.0
2016-11-09,1009.5,1000.88
2016-11-08,999.12,1008.75
2016-11-07,991.5,995.87
2016-11-04,989.75,989.37
2016-11-03,986.12,989.75
2016-11-02,991.88,989.38
2016-11-01,1011.75,1003.815
2016-10-31,1013.62,1012.31
2016-10-28,1012.75,1009.0
2016-10-27,1008.25,1011.315
2016-10-26,989.88,1000.19
2016-10-25,990.25,989.13
2016-10-24,981.88,989.75
2016-10-21,977.38,979.19
2016-10-20,980.5,981.56
2016-10-19,971.62,976.37
2016-10-18,977.38,979.25
2016-10-17,961.62,969.875
2016-10-14,955.12,963.12
2016-10-13,946.0,948.38
2016-10-12,952.75,957.25
2016-10-11,953.38,956.25
2016-10-10,955.12,957.12
2016-10-07,958.5,964.37
2016-10-06,957.62,953.5
2016-10-05,963.88,959.12
2016-10-04,971.5,966.13
2016-10-03,952.75,960.75
2016-09-30,949.38,950.94
2016-09-29,948.0,951.62
2016-09-28,952.0,950.065
2016-09-27,947.62,943.62
2016-09-26,952.25,952.0
2016-09-23,975.5,964.435
2016-09-22,974.75,976.75
2016-09-21,988.38,980.87
2016-09-20,974.38,982.44
2016-09-19,970.88,973.62
2016-09-16,949.12,957.185
2016-09-15,943.62,947.13
2016-09-14,943.75,944.25
2016-09-13,962.88,956.75
2016-09-12,977.12,974.185
2016-09-09,976.88,977.5
2016-09-08,977.5,976.75
2016-09-07,959.38,968.0
2016-09-06,954.38,955.185
2016-09-02,946.12,950.75
2016-09-01,943.88,942.75
2016-08-31,952.12,946.87
2016-08-30,964.62,957.56
2016-08-26,997.38,992.185
2016-08-25,1026.88,1013.875
2016-08-24,1034.25,1028.81
2016-08-23,1033.75,1031.685
2016-08-22,1024.75,1032.12
2016-08-19,1032.5,1025.88
2016-08-18,1033.5,1023.25
2016-08-17,1022.0,1023.315
2016-08-16,1023.88,1020.25
2016-08-15,999.88,1011.8800000000001
2016-08-12,1001.0,994.69
2016-08-11,999.88,1001.56
2016-08-10,1006.25,1001.685
2016-08-09,1000.25,1004.19
2016-08-08,996.75,995.0
2016-08-05,976.38,985.185
2016-08-04,973.38,976.565
2016-08-03,974.75,977.435
2016-08-02,976.5,974.0
2016-08-01,1009.88,997.19
2016-07-29,994.75,1003.63
2016-07-28,1005.38,999.44
2016-07-27,984.38,995.13
2016-07-26,975.0,984.06
2016-07-25,993.25,988.065
2016-07-22,1035.25,1011.125
2016-07-21,1026.0,1033.065
2016-07-20,1045.88,1040.56
2016-07-19,1072.75,1059.935
2016-07-18,1062.88,1066.19
2016-07-15,1084.75,1076.87
2016-07-14,1110.25,1110.315
2016-07-13,1109.0,1115.625
2016-07-12,1076.12,1087.38
2016-07-11,1096.88,1087.685
2016-07-08,1050.62,1064.875
2016-07-07,1106.0,1083.75
2016-07-06,1109.75,1088.815
2016-07-05,1144.75,1124.935
2016-07-01,1177.25,1170.81
2016-06-30,1139.88,1151.06
2016-06-29,1148.25,1144.12
2016-06-28,1128.12,1143.12
2016-06-27,1101.38,1118.5
2016-06-24,1125.25,1115.44
2016-06-23,1140.25,1132.94
2016-06-22,1130.75,1136.5
2016-06-21,1144.5,1140.435
2016-06-20,1156.5,1148.565
2016-06-17,1132.75,1146.0
2016-06-16,1153.88,1144.38
2016-06-15,1167.0,1166.25
2016-06-14,1166.75,1164.37
2016-06-13,1194.88,1182.815
2016-06-10,1174.88,1188.435
2016-06-09,1176.88,1175.565
2016-06-08,1142.0,1163.62
2016-06-07,1133.12,1138.87
2016-06-06,1144.62,1149.0
2016-06-03,1142.25,1147.75
2016-06-02,1102.38,1122.69
2016-06-01,1075.25,1083.75
2016-05-31,1088.38,1086.75
2016-05-27,1076.0,1081.25
2016-05-26,1085.25,1085.69
2016-05-25,1057.25,1071.38
2016-05-24,1058.88,1056.75
2016-05-23,1077.12,1065.62
2016-05-20,1074.5,1075.38
2016-05-19,1073.88,1063.0
2016-05-18,1079.75,1075.88
2016-05-17,1063.12,1074.25
2016-05-16,1060.25,1063.62
2016-05-13,1071.25,1066.63
2016-05-12,1078.75,1076.31
2016-05-11,1080.38,1081.87
2016-05-10,1025.12,1057.12
2016-05-09,1036.88,1031.37
2016-05-06,1011.75,1021.1199999999999
2016-05-05,1035.12,1029.44
2016-05-04,1026.38,1033.935
2016-05-03,1043.12,1040.37
2016-05-02,1028.12,1032.0
2016-04-29,1023.75,1028.13
2016-04-28,1024.62,1032.12
2016-04-27,1026.5,1020.3699999999999
2016-04-26,1009.0,1014.75
2016-04-25,994.62,1007.94
2016-04-22,1016.5,998.06
2016-04-21,1007.38,1018.685
2016-04-20,980.62,994.0
2016-04-19,953.62,969.75
2016-04-18,954.12,957.0
2016-04-15,947.38,952.25
2016-04-14,955.12,953.13
2016-04-13,938.38,947.87
2016-04-12,927.12,931.065
2016-04-11,916.12,922.38
2016-04-08,905.12,909.75
2016-04-07,908.62,906.62
2016-04-06,903.88,905.37
2016-04-05,911.88,910.75
2016-04-04,918.25,917.63
2016-04-01,909.88,913.13
2016-03-31,908.38,905.38
2016-03-30,915.12,913.0
2016-03-29,908.38,911.75
2016-03-28,911.12,910.5
2016-03-24,905.12,906.87
2016-03-23,909.38,907.005
2016-03-22,901.13,907.005
2016-03-21,895.38,898.63
2016-03-18,897.13,900.375
2016-03-17,894.88,899.0
2016-03-16,891.5,890.37
2016-03-15,894.62,892.005
2016-03-14,892.62,893.63
2016-03-11,887.63,892.0
2016-03-10,885.12,885.63
2016-03-09,883.13,884.13
2016-03-08,880.12,880.005
2016-03-07,881.25,884.005
2016-03-04,864.13,871.505
2016-03-03,861.12,861.5
2016-03-02,858.25,860.5
2016-03-01,861.25,861.75
2016-02-29,862.88,862.5
2016-02-26,866.63,865.5
2016-02-25,872.13,870.75
2016-02-24,873.38,872.13
2016-02-23,883.25,877.315
2016-02-22,881.75,885.13
2016-02-19,879.5,879.75
2016-02-18,882.0,880.375
2016-02-17,878.75,881.13
2016-02-16,876.38,878.005
2016-02-12,872.88,872.005
2016-02-11,862.38,868.255
2016-02-10,863.25,863.88
2016-02-09,862.75,862.88
2016-02-08,867.38,865.13
2016-02-05,875.63,873.13
2016-02-04,877.88,878.63
2016-02-03,885.63,880.13
2016-02-02,880.25,883.88
2016-02-01,882.88,879.505
2016-01-29,868.88,875.005
2016-01-28,882.5,875.755
2016-01-27,875.88,880.315
2016-01-26,879.75,878.88
2016-01-25,876.63,876.38
2016-01-22,878.88,880.505
2016-01-21,874.63,879.005
2016-01-20,881.88,877.19
2016-01-19,881.0,884.255
2016-01-17,878.38,878.38
2016-01-15,882.38,876.94
2016-01-14,878.63,879.63
2016-01-13,874.75,875.88
2016-01-12,861.5,869.19
2016-01-11,865.5,864.63
2016-01-08,864.88,867.13
2016-01-07,864.13,863.505
2016-01-06,856.63,860.005
2016-01-05,858.13,860.13
2016-01-04,863.13,860.255
2015-12-31,868.88,868.005
2015-12-30,865.13,868.38
2015-12-29,862.63,866.505
2015-12-28,870.13,866.005
2015-12-27,874.25,874.25
2015-12-24,882.5,880.005
2015-12-23,885.63,884.815
2015-12-22,890.75,890.13
2015-12-21,891.63,891.63
2015-12-18,876.13,883.38
2015-12-17,859.88,866.125
2015-12-16,866.88,863.505
2015-12-15,874.63,872.13
2015-12-14,870.75,872.88
2015-12-11,878.0,877.13
2015-12-10,877.0,879.755
2015-12-09,877.38,876.755
2015-12-08,885.88,879.88
2015-12-07,905.75,895.63
2015-12-04,896.75,899.63
2015-12-03,890.75,891.38
2015-12-02,889.0,889.815
2015-12-01,880.88,885.88
2015-11-30,873.13,876.755
2015-11-27,875.38,874.38
2015-11-25,863.0,869.255
2015-11-24,863.38,865.255
2015-11-23,854.5,854.88
2015-11-20,859.75,856.63
2015-11-19,858.0,857.755
2015-11-18,864.13,860.13
2015-11-17,859.38,861.38
2015-11-16,854.5,855.755
2015-11-13,862.25,858.565
2015-11-12,860.38,860.13
2015-11-11,856.75,857.755
2015-11-10,865.63,859.255
2015-11-09,867.63,868.88
2015-11-06,864.75,863.315
2015-11-05,883.63,874.38
2015-11-04,879.13,883.005
2015-11-03,879.75,881.13
2015-11-02,887.88,884.63
2015-10-30,879.25,883.13
2015-10-29,882.38,881.005
2015-10-28,889.88,886.755
2015-10-27,885.13,887.38
2015-10-26,895.5,891.255
2015-10-23,898.88,896.505
2015-10-22,905.0,905.255
2015-10-21,896.0,900.69
2015-10-20,890.38,895.63
2015-10-19,897.13,895.63
2015-10-16,904.25,904.065
2015-10-15,908.88,909.94
2015-10-14,912.0,914.505
2015-10-13,886.25,900.505
2015-10-12,886.13,890.065
2015-10-09,880.5,884.13
2015-10-08,890.38,885.88
2015-10-07,887.13,890.815
2015-10-06,880.63,887.44
2015-10-05,874.13,879.005
2015-10-02,877.38,875.13
2015-10-01,891.25,888.005
2015-09-30,883.63,891.565
2015-09-29,876.63,879.13
2015-09-28,888.5,883.565
2015-09-25,869.38,879.63
2015-09-24,863.13,863.63
2015-09-23,861.38,865.38
2015-09-22,871.63,867.255
2015-09-21,867.88,871.13
2015-09-18,883.88,876.755
2015-09-17,886.38,885.63
2015-09-16,888.88,888.755
2015-09-15,886.5,888.88
2015-09-14,875.63,881.88
2015-09-11,874.75,866.315
2015-09-10,871.5,873.88
2015-09-09,875.88,878.255
2015-09-08,870.38,877.38
2015-09-04,869.25,870.63
2015-09-03,874.75,875.38
2015-09-02,874.38,872.63
2015-09-01,884.5,877.63
2015-08-31,884.25,879.63
2015-08-28,887.75,889.94
2015-08-27,880.38,887.125
2015-08-26,893.13,887.565
2015-08-25,894.13,897.565
2015-08-24,901.25,890.255
2015-08-21,920.38,912.625
2015-08-20,904.75,910.75
2015-08-19,913.25,908.44
2015-08-18,925.0,921.005
2015-08-17,919.0,926.125
2015-08-14,937.88,929.755
2015-08-13,920.88,929.38
2015-08-12,981.75,947.75
2015-08-11,1004.5,991.69
2015-08-10,979.38,993.505
2015-08-07,955.38,964.565
2015-08-06,962.75,958.94
2015-08-05,948.88,956.315
2015-08-04,944.13,949.875
2015-08-03,950.38,946.75
2015-07-31,965.63,959.19
2015-07-30,956.88,963.375
2015-07-29,956.5,957.565
2015-07-28,942.13,948.815
2015-07-27,962.5,950.19
2015-07-24,1010.5,1000.13
2015-07-23,1022.0,1016.69
2015-07-22,1019.13,1019.5050000000001
2015-07-21,1011.13,1014.065
2015-07-20,1011.0,1005.44
2015-07-17,1017.0,1014.44
2015-07-16,1027.5,1026.69
2015-07-15,1030.88,1024.565
2015-07-14,1039.0,1042.19
2015-07-13,1030.25,1030.88
2015-07-10,1026.25,1035.125
2015-07-09,995.88,1014.69
2015-07-08,995.25,997.88
2015-07-07,1021.38,1007.3800000000001
2015-07-06,1032.0,1024.44
2015-07-03,1037.0,1037.0
2015-07-02,1039.75,1038.005
2015-07-01,1048.0,1044.065
2015-06-30,993.88,1018.315
2015-06-29,992.0,999.065
2015-06-26,998.88,1011.0050000000001
2015-06-25,981.0,991.375
2015-06-24,987.5,984.755
2015-06-23,989.63,987.005
2015-06-22,972.63,980.755
2015-06-19,976.0,974.005
2015-06-18,967.75,971.88
2015-06-17,957.88,964.88
2015-06-16,939.5,948.755
2015-06-15,939.88,937.005
2015-06-12,939.75,940.13
2015-06-11,948.38,945.505
2015-06-10,951.0,951.005
2015-06-09,946.88,949.13
2015-06-08,938.0,943.13
2015-06-05,944.75,943.63
2015-06-04,933.63,940.505
2015-06-03,941.0,938.63
2015-06-02,926.38,934.88
2015-06-01,931.63,928.255
2015-05-29,926.0,931.13
2015-05-28,926.5,928.13
2015-05-27,922.25,926.88
2015-05-26,923.63,925.505
2015-05-22,937.75,932.755
2015-05-21,941.38,941.755
2015-05-20,946.75,942.005
2015-05-19,953.25,949.005
2015-05-18,953.38,957.13
2015-05-15,958.25,955.755
2015-05-14,958.25,957.63
2015-05-13,956.63,958.63
2015-05-12,973.13,968.255
2015-05-11,976.38,977.13
2015-05-08,974.5,973.88
2015-05-07,983.63,978.63
2015-05-06,984.38,984.505
2015-05-05,975.75,980.505
2015-05-04,964.38,970.755
2015-05-01,977.5,970.38
2015-04-30,987.88,983.755
2015-04-29,977.38,980.88
2015-04-28,972.63,980.13
2015-04-27,967.63,972.755
2015-04-24,979.13,973.88
2015-04-23,971.5,977.19
2015-04-22,973.88,970.88
2015-04-21,975.88,972.88
2015-04-20,968.0,974.44
2015-04-17,965.25,967.815
2015-04-16,964.25,963.005
2015-04-15,959.38,967.63
2015-04-14,948.88,955.005
2015-04-13,948.5,951.69
2015-04-10,953.88,951.565
2015-04-09,971.0,961.44
2015-04-08,971.38,971.38
2015-04-07,978.38,977.005
2015-04-06,985.38,984.13
2015-04-02,988.13,986.88
2015-04-01,972.75,982.19
2015-03-31,966.63,969.13
2015-03-30,966.88,970.755
2015-03-27,973.75,970.755
2015-03-26,977.13,976.755
2015-03-25,983.25,982.755
2015-03-24,983.5,980.315
2015-03-23,974.88,981.63
2015-03-20,961.25,970.005
2015-03-19,970.63,967.815
2015-03-18,954.38,960.13
2015-03-17,967.5,963.505
2015-03-16,972.63,972.625
2015-03-13,990.38,983.38
2015-03-12,991.63,991.13
2015-03-11,982.75,990.005
2015-03-10,992.63,988.505
2015-03-09,988.38,992.63
2015-03-06,985.25,982.505
2015-03-05,995.13,991.505
2015-03-04,1012.88,1003.815
2015-03-03,1014.13,1010.005
2015-03-02,1030.13,1025.13
2015-02-27,1025.88,1030.005
2015-02-26,1010.5,1017.8800000000001
2015-02-25,1017.88,1014.6300000000001
2015-02-24,1001.25,1016.5050000000001
2015-02-23,1004.13,1001.63
2015-02-20,1006.63,1004.255
2015-02-19,995.38,1005.19
2015-02-18,1006.75,1001.505
2015-02-17,992.38,1000.63
2015-02-13,983.0,990.315
2015-02-12,977.25,979.255
2015-02-11,970.38,973.505
2015-02-10,978.25,976.505
2015-02-09,974.13,977.63
2015-02-06,981.88,979.255
2015-02-05,970.63,976.005
2015-02-04,985.5,978.88
2015-02-03,959.88,979.255
2015-02-02,961.38,964.69
2015-01-30,968.38,963.88
2015-01-29,969.13,972.38
2015-01-28,973.75,972.065
2015-01-27,982.25,978.88
2015-01-26,972.38,975.63
2015-01-23,977.25,973.88
2015-01-22,985.13,983.815
2015-01-21,983.5,984.255
2015-01-20,983.13,979.44
2015-01-16,991.25,989.565
2015-01-15,1014.25,1002.505
2015-01-14,1004.5,1002.63
2015-01-13,1016.63,1013.6300000000001
2015-01-12,1049.63,1037.69
2015-01-09,1047.63,1049.255
2015-01-08,1054.75,1054.38
2015-01-07,1054.25,1054.63
2015-01-06,1043.38,1048.005
2015-01-05,1006.38,1026.88
2015-01-02,1019.63,1013.505
2014-12-31,1041.75,1035.13
2014-12-30,1048.63,1049.13
2014-12-29,1053.63,1056.94
2014-12-28,1053.5,1053.5
2014-12-26,1031.75,1039.315
2014-12-24,1036.38,1033.505
2014-12-23,1036.88,1040.755
2014-12-22,1029.38,1033.755
2014-12-21,1030.38,1030.38
2014-12-19,1034.38,1029.255
2014-12-18,1026.88,1032.005
2014-12-17,1023.5,1024.63
2014-12-16,1034.88,1030.255
2014-12-15,1050.25,1045.255
2014-12-14,1047.5,1047.5
2014-12-12,1039.75,1043.005
2014-12-11,1032.88,1037.13
2014-12-10,1048.38,1044.005
2014-12-09,1042.38,1044.255
2014-12-08,1034.88,1040.505
2014-12-07,1038.63,1038.63
2014-12-05,1009.75,1022.1300000000001
2014-12-04,998.75,1004.13
2014-12-03,995.13,991.63
2014-12-02,1018.88,1008.505
2014-12-01,1010.63,1014.44
2014-11-30,1014.13,1014.13
2014-11-28,1042.63,1032.005
2014-11-27,1047.88,1047.88
2014-11-26,1049.38,1046.755
2014-11-25,1033.88,1043.505
2014-11-24,1036.13,1032.755
2014-11-21,1020.88,1026.815
2014-11-20,1006.25,1013.505
2014-11-19,1023.88,1014.19
2014-11-18,1036.25,1031.505
2014-11-17,1022.13,1026.63
2014-11-14,1052.25,1036.88
2014-11-13,1048.25,1057.255
2014-11-12,1063.5,1065.38
2014-11-11,1021.38,1046.38
2014-11-10,1035.13,1037.94
2014-11-07,1027.0,1029.255
2014-11-06,1018.63,1026.005
2014-11-05,1009.88,1008.315
2014-11-04,1028.0,1017.3800000000001
2014-11-03,1045.63,1037.13
2014-10-31,1028.5,1035.255
2014-10-30,1048.88,1044.13
2014-10-29,1012.63,1031.315
2014-10-28,1011.38,1023.69
2014-10-27,978.63,994.005
2014-10-24,991.75,989.38
2014-10-23,960.5,975.005
2014-10-22,961.5,971.38
2014-10-21,943.63,954.755
2014-10-20,949.5,943.255
2014-10-17,966.13,962.005
2014-10-16,949.88,958.505
2014-10-15,962.88,964.69
2014-10-14,943.63,956.88
2014-10-13,920.0,933.255
2014-10-10,939.63,936.13
2014-10-09,934.13,938.755
2014-10-08,938.38,938.255
2014-10-07,940.38,944.13
2014-10-06,913.13,927.505
2014-10-03,924.25,919.13
2014-10-02,915.5,919.005
2014-10-01,911.0,912.005
2014-09-30,922.25,920.005
2014-09-29,907.75,914.88
2014-09-26,922.13,917.255
2014-09-25,935.88,932.005
2014-09-24,934.75,938.255
2014-09-23,936.0,937.755
2014-09-22,953.25,944.44
2014-09-19,971.13,964.065
2014-09-18,982.38,978.63
2014-09-17,980.38,982.88
2014-09-16,988.63,988.255
2014-09-15,975.75,984.88
2014-09-12,979.88,984.69
2014-09-11,992.88,982.315
2014-09-10,993.88,994.505
2014-09-09,1007.38,1000.38
2014-09-08,1020.38,1017.1300000000001
2014-09-05,1003.25,1012.815
2014-09-04,1019.38,1011.255
2014-09-03,1027.63,1020.6300000000001
2014-09-02,1020.5,1029.19
2014-08-29,1029.13,1027.505
2014-08-28,1023.38,1027.38
2014-08-27,1026.38,1028.38
2014-08-26,1027.25,1025.13
2014-08-25,1040.75,1034.065
2014-08-22,1137.5,1153.94
2014-08-21,1119.63,1129.69
2014-08-20,1118.38,1123.315
2014-08-19,1111.88,1114.375
2014-08-18,1101.13,1109.875
2014-08-15,1096.88,1102.19
2014-08-14,1079.38,1085.255
2014-08-13,1094.0,1090.565
2014-08-12,1109.38,1096.875
2014-08-11,1110.5,1117.255
2014-08-08,1097.75,1105.755
2014-08-07,1096.5,1096.38
2014-08-06,1081.5,1087.5
2014-08-05,1090.0,1082.375
2014-08-04,1070.63,1082.44
2014-08-03,1074.38,1074.38
2014-08-01,1094.5,1084.125
2014-07-31,1101.38,1100.065
2014-07-30,1120.5,1111.88
2014-07-29,1138.5,1130.875
2014-07-28,1121.75,1129.315
2014-07-25,1206.25,1206.065
2014-07-24,1199.63,1216.005
2014-07-23,1183.38,1193.065
2014-07-22,1175.38,1184.565
2014-07-21,1173.75,1175.69
2014-07-18,1175.63,1178.065
2014-07-17,1189.25,1186.13
2014-07-16,1180.5,1191.69
2014-07-15,1193.5,1173.565
2014-07-14,1192.0,1200.565
2014-07-11,1232.25,1199.005
2014-07-10,1245.63,1246.505
2014-07-09,1247.5,1242.13
2014-07-08,1272.0,1259.38
2014-07-07,1297.0,1283.94
2014-07-06,1298.38,1298.38
2014-07-03,1316.38,1309.44
2014-07-02,1329.13,1323.19
2014-07-01,1327.5,1319.815
2014-06-30,1377.75,1352.44
2014-06-27,1379.25,1383.38
2014-06-26,1361.38,1371.38
2014-06-25,1358.38,1362.25
2014-06-24,1362.88,1357.94
2014-06-23,1365.75,1363.755
2014-06-20,1420.63,1412.505
2014-06-19,1408.75,1414.005
2014-06-18,1398.75,1406.13
2014-06-17,1421.25,1410.505
2014-06-16,1427.0,1426.565
2014-06-13,1415.0,1420.005
2014-06-12,1443.88,1431.38
2014-06-11,1461.88,1455.755
2014-06-10,1457.13,1464.875
2014-06-09,1458.75,1460.88
2014-06-06,1460.75,1461.255
2014-06-05,1482.5,1473.63
2014-06-04,1481.0,1485.88
2014-06-03,1498.0,1488.505
2014-06-02,1487.13,1495.065
2014-05-30,1500.75,1498.755
2014-05-29,1498.38,1501.005
2014-05-28,1488.5,1492.44
2014-05-27,1510.75,1501.005
2014-05-23,1518.88,1520.63
2014-05-22,1504.88,1519.88
2014-05-21,1469.13,1487.005
2014-05-20,1483.75,1484.88
2014-05-19,1463.75,1474.505
2014-05-16,1469.0,1469.94
2014-05-15,1485.25,1478.13
2014-05-14,1483.25,1478.255
2014-05-13,1463.63,1472.88
2014-05-12,1486.75,1478.565
2014-05-11,1486.38,1486.38
2014-05-09,1467.25,1472.5
2014-05-08,1447.0,1458.19
2014-05-07,1456.75,1449.755
2014-05-06,1464.13,1454.005
2014-05-05,1475.5,1471.69
2014-05-02,1462.5,1461.44
2014-05-01,1510.63,1486.005
2014-04-30,1517.5,1510.065
2014-04-29,1499.5,1507.315
2014-04-28,1496.5,1501.88
2014-04-25,1472.5,1486.0
2014-04-24,1467.75,1469.005
2014-04-23,1480.38,1476.94
2014-04-22,1501.13,1492.88
2014-04-21,1515.0,1505.44
2014-04-17,1518.0,1517.88
2014-04-16,1500.5,1511.315
2014-04-15,1476.13,1491.38
2014-04-14,1461.5,1469.69
2014-04-11,1481.88,1471.5
2014-04-10,1494.0,1485.69
2014-04-09,1481.88,1496.63
2014-04-08,1464.13,1472.755
2014-04-07,1472.38,1469.63
2014-04-04,1474.13,1474.88
2014-04-03,1462.0,1469.565
2014-04-02,1483.38,1476.005
2014-04-01,1463.25,1476.38
2014-03-31,1433.63,1445.065
2014-03-28,1435.63,1436.005
2014-03-27,1439.38,1440.44
2014-03-26,1426.0,1431.255
2014-03-25,1425.13,1426.005
2014-03-24,1403.25,1413.19
2014-03-21,1433.5,1420.63
2014-03-20,1430.13,1439.38
2014-03-19,1418.88,1429.815
2014-03-18,1389.13,1401.815
2014-03-17,1389.25,1385.69
2014-03-14,1392.88,1390.19
2014-03-13,1388.38,1396.565
2014-03-12,1405.75,1386.315
2014-03-11,1417.38,1419.755
2014-03-10,1454.5,1435.505
2014-03-07,1436.38,1447.75
2014-03-06,1422.13,1428.255
2014-03-05,1423.88,1418.005
2014-03-04,1407.13,1415.13
2014-03-03,1417.13,1419.69
2014-02-28,1389.38,1396.13
2014-02-27,1395.25,1416.065
2014-02-26,1385.38,1389.38
2014-02-25,1373.0,1377.13
2014-02-24,1360.0,1368.255
2014-02-21,1358.38,1361.625
2014-02-20,1353.38,1352.505
2014-02-19,1360.75,1361.38
2014-02-18,1337.88,1348.63
2014-02-14,1342.63,1346.505
2014-02-13,1323.25,1335.005
2014-02-12,1335.13,1331.005
2014-02-11,1323.63,1324.88
2014-02-10,1327.13,1329.315
2014-02-07,1323.63,1326.13
2014-02-06,1315.63,1324.755
2014-02-05,1311.88,1313.13
2014-02-04,1292.88,1303.505
2014-02-03,1281.88,1289.005
2014-01-31,1275.38,1277.755
2014-01-30,1269.38,1273.255
2014-01-29,1284.75,1276.005
2014-01-28,1287.0,1283.755
2014-01-27,1286.13,1285.94
2014-01-24,1275.88,1275.255
2014-01-23,1279.63,1285.88
2014-01-22,1279.88,1279.005
2014-01-21,1312.88,1297.005
2014-01-17,1313.38,1312.005
2014-01-16,1316.88,1320.505
2014-01-15,1305.75,1312.13
2014-01-14,1292.75,1302.755
2014-01-13,1278.0,1281.44
2014-01-10,1273.63,1284.13
2014-01-09,1268.38,1272.63
2014-01-08,1274.88,1271.565
2014-01-07,1277.88,1274.505
2014-01-06,1273.75,1275.815
2014-01-03,1270.25,1271.755
2014-01-02,1291.63,1277.13
2014-01-01,1289.38,1289.38
2013-12-31,1307.63,1300.13
2013-12-30,1306.88,1307.88
2013-12-27,1318.75,1325.565
2013-12-26,1333.5,1325.065
2013-12-24,1328.75,1331.63
2013-12-23,1344.38,1336.815
2013-12-20,1325.75,1333.38
2013-12-19,1325.5,1322.69
2013-12-18,1344.13,1337.13
2013-12-17,1336.13,1339.255
2013-12-16,1327.88,1331.255
2013-12-13,1323.5,1320.13
2013-12-12,1343.38,1332.755
2013-12-11,1339.13,1339.94
2013-12-10,1342.75,1342.255
2013-12-09,1324.63,1335.505
2013-12-06,1327.5,1322.19
2013-12-05,1328.13,1324.5
2013-12-04,1320.25,1323.065
2013-12-03,1320.75,1320.19
2013-12-02,1335.88,1332.755
2013-11-29,1328.38,1333.38
2013-11-27,1327.5,1329.63
2013-11-26,1327.88,1323.63
2013-11-25,1318.63,1321.88
2013-11-24,1319.38,1319.38
2013-11-22,1290.88,1306.005
2013-11-21,1275.75,1284.005
2013-11-20,1279.13,1276.88
2013-11-19,1285.88,1280.69
2013-11-18,1280.13,1283.315
2013-11-15,1312.75,1297.13
2013-11-14,1314.0,1312.815
2013-11-13,1313.25,1312.63
2013-11-12,1299.5,1307.63
2013-11-11,1294.63,1296.505
2013-11-08,1264.75,1279.69
2013-11-07,1254.25,1263.005
2013-11-06,1249.63,1255.13
2013-11-05,1256.25,1254.505
2013-11-04,1251.88,1256.63
2013-11-01,1265.88,1260.815
2013-10-31,1274.63,1276.38
2013-10-30,1270.75,1275.44
2013-10-29,1266.5,1269.505
2013-10-28,1292.88,1280.69
2013-10-25,1308.75,1306.255
2013-10-24,1309.38,1312.005
2013-10-23,1299.25,1307.755
2013-10-22,1301.13,1298.755
2013-10-21,1289.13,1296.255
2013-10-18,1291.5,1294.505
2013-10-17,1276.38,1285.19
2013-10-16,1266.88,1272.755
2013-10-15,1271.13,1270.63
2013-10-14,1262.88,1270.88
2013-10-11,1285.38,1277.13
2013-10-10,1286.88,1293.755
2013-10-09,1287.13,1287.255
2013-10-08,1296.75,1294.755
2013-10-07,1293.88,1296.69
2013-10-04,1286.38,1289.005
2013-10-03,1273.63,1280.44
2013-10-02,1268.38,1272.755
2013-10-01,1278.38,1271.13
2013-09-30,1310.88,1299.13
2013-09-27,1316.13,1319.625
2013-09-26,1320.63,1316.94
2013-09-25,1311.88,1317.13
2013-09-24,1306.25,1314.065
2013-09-23,1308.5,1311.505
2013-09-20,1339.75,1325.94
2013-09-19,1353.38,1346.44
2013-09-18,1341.63,1342.38
2013-09-17,1349.25,1349.255
2013-09-16,1372.63,1359.255
2013-09-13,1397.5,1390.38
2013-09-12,1358.88,1369.88
2013-09-11,1357.0,1355.13
2013-09-10,1347.38,1351.88
2013-09-09,1380.75,1367.63
2013-09-06,1368.63,1368.005
2013-09-05,1355.38,1351.44
2013-09-04,1386.25,1364.44
2013-09-03,1393.88,1393.69
2013-08-30,1369.38,1357.755
2013-08-29,1376.0,1371.94
2013-08-28,1373.38,1375.065
2013-08-27,1386.88,1389.005
2013-08-26,1349.0,1373.38
2013-08-23,1326.63,1347.69
2013-08-22,1327.63,1329.255
2013-08-21,1308.25,1320.005
2013-08-20,1321.63,1315.38
2013-08-19,1297.25,1310.125
2013-08-16,1287.88,1289.13
2013-08-15,1272.63,1282.375
2013-08-14,1256.38,1257.13
2013-08-13,1254.25,1260.69
2013-08-12,1222.88,1237.625
2013-08-09,1227.88,1228.505
2013-08-08,1199.13,1215.88
2013-08-07,1192.88,1200.63
2013-08-06,1207.5,1201.255
2013-08-05,1211.13,1200.63
2013-08-02,1234.88,1227.94
2013-08-01,1247.63,1241.375
2013-07-31,1247.63,1245.565
2013-07-30,1271.88,1263.88
2013-07-29,1271.38,1266.63
2013-07-26,1351.75,1345.565
2013-07-25,1385.63,1372.5
2013-07-24,1459.63,1429.375
2013-07-23,1514.38,1493.505
2013-07-22,1493.5,1506.125
2013-07-19,1470.13,1481.38
2013-07-18,1475.0,1468.065
2013-07-17,1475.38,1473.065
2013-07-16,1456.75,1470.38
2013-07-15,1422.63,1438.815
2013-07-12,1473.88,1452.75
2013-07-11,1463.75,1468.315
2013-07-10,1466.75,1470.63
2013-07-09,1456.25,1465.815
2013-07-08,1430.25,1442.94
2013-07-05,1441.13,1437.505
2013-07-04,1441.63,1441.63
2013-07-03,1434.0,1441.63
2013-07-02,1434.75,1437.63
2013-07-01,1427.13,1437.13
2013-06-28,1429.63,1429.625
2013-06-27,1424.13,1429.19
2013-06-26,1427.75,1426.315
2013-06-25,1422.0,1425.13
2013-06-24,1404.5,1411.875
2013-06-21,1497.38,1497.25
2013-06-20,1520.88,1508.94
2013-06-19,1512.75,1516.13
2013-06-18,1511.88,1520.005
2013-06-17,1508.75,1506.255
2013-06-14,1508.25,1514.005
2013-06-13,1540.38,1525.065
2013-06-12,1540.25,1545.065
2013-06-11,1515.63,1528.63
2013-06-10,1522.88,1514.255
2013-06-07,1528.75,1531.69
2013-06-06,1532.88,1526.815
2013-06-05,1528.75,1536.005
2013-06-04,1531.5,1525.565
2013-06-03,1509.38,1525.005
2013-05-31,1496.63,1509.25
2013-05-30,1502.13,1497.505
2013-05-29,1505.75,1504.505
2013-05-28,1475.13,1501.255
2013-05-24,1491.5,1488.63
2013-05-23,1492.75,1517.065
2013-05-22,1476.88,1482.755
2013-05-21,1461.5,1467.69
2013-05-20,1446.63,1454.505
2013-05-17,1426.75,1436.755
2013-05-16,1413.13,1419.63
2013-05-15,1415.25,1412.63
2013-05-14,1418.75,1415.38
2013-05-13,1394.75,1408.44
2013-05-10,1407.5,1404.94
2013-05-09,1390.13,1398.315
2013-05-08,1382.75,1391.065
2013-05-07,1369.13,1375.755
2013-05-06,1381.75,1380.505
2013-05-03,1372.63,1386.005
2013-05-02,1373.38,1375.63
2013-05-01,1396.13,1381.755
2013-04-30,1407.75,1410.065
2013-04-29,1380.13,1394.255
2013-04-26,1420.5,1424.63
2013-04-25,1405.0,1413.94
2013-04-24,1419.75,1414.005
2013-04-23,1417.13,1423.505
2013-04-22,1423.63,1417.505
2013-04-19,1431.5,1431.505
2013-04-18,1420.38,1430.255
2013-04-17,1411.13,1417.755
2013-04-16,1394.13,1402.88
2013-04-15,1413.0,1407.005
2013-04-12,1401.88,1409.255
2013-04-11,1392.75,1394.255
2013-04-10,1393.88,1397.755
2013-04-09,1379.0,1386.255
2013-04-08,1360.0,1368.13
2013-04-05,1368.13,1361.88
2013-04-04,1381.88,1371.88
2013-04-03,1392.38,1384.63
2013-04-02,1393.88,1395.88
2013-04-01,1406.75,1396.815
2013-03-31,1402.5,1404.13
2013-03-28,1453.63,1428.63
2013-03-27,1446.38,1450.69
2013-03-26,1437.63,1441.815
2013-03-25,1441.75,1438.065
2013-03-24,1440.63,1441.94
2013-03-22,1447.25,1440.755
2013-03-21,1423.13,1435.88
2013-03-20,1411.13,1416.63
2013-03-19,1410.38,1410.88
2013-03-18,1415.63,1411.505
2013-03-17,1424.88,1420.065
2013-03-15,1436.75,1433.88
2013-03-14,1448.13,1439.505
2013-03-13,1468.5,1454.505
2013-03-12,1478.25,1472.94
2013-03-11,1477.5,1475.38
2013-03-10,1474.5,1479.19
2013-03-08,1472.25,1467.315
2013-03-07,1462.5,1467.69
2013-03-06,1466.5,1465.38
2013-03-05,1463.5,1470.315
2013-03-04,1444.25,1449.38
2013-03-03,1441.5,1443.69
2013-03-01,1449.0,1445.505
2013-02-28,1439.5,1450.69
2013-02-27,1435.75,1436.755
2013-02-26,1434.88,1431.565
2013-02-25,1444.63,1437.255
2013-02-24,1443.0,1440.755
2013-02-22,1490.0,1488.13
2013-02-21,1479.38,1482.44
2013-02-20,1471.0,1480.565
2013-02-19,1434.13,1453.88
2013-02-15,1421.25,1421.38
2013-02-14,1425.75,1417.44
2013-02-13,1425.88,1416.63
2013-02-12,1433.38,1427.755
2013-02-11,1441.38,1435.755
2013-02-10,1449.88,1441.13
2013-02-08,1486.38,1473.255
2013-02-07,1486.13,1487.505
2013-02-06,1493.13,1485.44
2013-02-05,1488.88,1487.13
2013-02-04,1481.13,1486.755
2013-02-03,1483.38,1481.69
2013-02-01,1470.88,1475.13
2013-01-31,1477.88,1469.94
2013-01-30,1450.38,1464.38
2013-01-29,1445.13,1449.505
2013-01-28,1451.38,1443.63
2013-01-27,1446.38,1449.005
2013-01-25,1439.13,1435.44
2013-01-24,1431.5,1428.44
2013-01-23,1448.75,1444.005
2013-01-22,1440.38,1448.38
2013-01-20,1428.38,1428.38
2013-01-18,1436.63,1429.755
2013-01-17,1438.75,1435.38
2013-01-16,1416.25,1426.94
2013-01-15,1417.63,1421.88
2013-01-14,1386.5,1403.815
2013-01-13,1377.0,1382.065
2013-01-11,1376.38,1367.005
2013-01-10,1387.38,1383.755
2013-01-09,1384.5,1386.63
2013-01-08,1390.5,1385.255
2013-01-07,1363.38,1376.63
2013-01-06,1367.13,1362.44
2013-01-04,1391.38,1376.63
2013-01-03,1393.13,1384.13
2013-01-02,1432.63,1409.69
2012-12-31,1417.63,1413.005
2012-12-30,1415.63,1418.13
2012-12-28,1418.0,1420.065
2012-12-27,1420.25,1420.315
2012-12-26,1435.88,1428.505
2012-12-24,1436.88,1432.815
2012-12-23,1431.38,1435.755
2012-12-21,1413.88,1425.63
2012-12-20,1438.63,1422.13
2012-12-19,1470.75,1452.63
2012-12-18,1496.63,1482.255
2012-12-17,1502.88,1500.63
2012-12-16,1496.13,1500.065
2012-12-14,1478.63,1486.13
2012-12-13,1473.0,1477.505
2012-12-12,1472.13,1468.315
2012-12-11,1473.63,1475.88
2012-12-10,1468.38,1465.065
2012-12-09,1469.75,1469.44
2012-12-07,1487.13,1484.065
2012-12-06,1487.13,1482.755
2012-12-05,1463.13,1473.19
2012-12-04,1457.63,1450.315
2012-12-03,1444.0,1452.505
2012-12-02,1440.63,1440.63
2012-11-30,1451.13,1440.255
2012-11-29,1447.0,1450.755
2012-11-28,1450.25,1447.755
2012-11-27,1427.63,1442.005
2012-11-26,1421.13,1427.005
2012-11-25,1419.88,1420.315
2012-11-23,1422.25,1420.69
2012-11-21,1410.88,1411.755
2012-11-20,1398.25,1398.38
2012-11-19,1391.63,1396.44
2012-11-18,1386.88,1389.065
2012-11-16,1401.38,1390.69
2012-11-15,1422.5,1414.13
2012-11-14,1414.38,1418.505
2012-11-13,1409.13,1404.38
2012-11-12,1439.38,1421.005
2012-11-11,1447.38,1443.13
2012-11-09,1495.63,1474.69
2012-11-08,1505.38,1503.815
2012-11-07,1517.88,1509.565
2012-11-06,1509.88,1515.69
2012-11-05,1519.0,1513.19
2012-11-04,1521.13,1519.005
2012-11-02,1559.25,1542.13
2012-11-01,1551.0,1560.94
2012-10-31,1537.38,1547.755
2012-10-30,1530.63,1539.565
2012-10-29,1557.13,1541.88
2012-10-28,1561.13,1559.63
2012-10-26,1559.38,1559.63
2012-10-25,1568.0,1565.88
2012-10-24,1551.38,1562.065
2012-10-23,1547.75,1541.88
2012-10-22,1533.5,1545.44
2012-10-21,1531.25,1530.505
2012-10-19,1545.63,1544.005
2012-10-18,1511.0,1529.065
2012-10-17,1491.38,1499.565
2012-10-16,1502.0,1502.255
2012-10-15,1504.88,1497.19
2012-10-14,1522.38,1512.38
2012-10-12,1552.88,1531.565
2012-10-11,1524.25,1544.565
2012-10-10,1541.88,1534.255
2012-10-09,1549.25,1556.065
2012-10-08,1552.75,1549.255
2012-10-07,1552.25,1552.755
2012-10-05,1556.0,1557.315
2012-10-04,1534.5,1550.505
2012-10-03,1524.5,1523.88
2012-10-02,1555.13,1542.315
2012-10-01,1592.0,1574.25
2012-09-30,1596.5,1595.38
2012-09-28,1576.13,1587.565
2012-09-27,1577.88,1570.755
2012-09-26,1610.38,1588.005
2012-09-25,1607.75,1614.88
2012-09-24,1615.63,1603.755
2012-09-23,1621.5,1619.255
2012-09-21,1625.0,1623.19
2012-09-20,1682.88,1649.94
2012-09-19,1649.13,1667.315
2012-09-18,1661.25,1649.69
2012-09-17,1729.37,1693.19
2012-09-16,1733.63,1731.625
2012-09-14,1745.62,1751.375
2012-09-13,1746.13,1741.255
2012-09-12,1699.63,1721.755
2012-09-11,1720.75,1712.88
2012-09-10,1727.38,1730.38
2012-09-09,1729.37,1725.565
2012-09-07,1744.13,1739.005
2012-09-06,1733.12,1739.63
2012-09-05,1764.88,1750.38
2012-09-04,1772.63,1772.255
2012-08-31,1761.75,1753.75
2012-08-30,1750.12,1753.06
2012-08-29,1718.5,1735.88
2012-08-28,1716.38,1716.005
2012-08-27,1754.0,1737.38
2012-08-26,1740.5,1746.505
2012-08-24,1727.13,1737.125
2012-08-23,1754.75,1742.505
2012-08-22,1751.38,1745.31
2012-08-21,1708.13,1729.065
2012-08-20,1674.25,1687.565
2012-08-19,1671.0,1672.88
2012-08-17,1653.25,1661.505
2012-08-16,1665.13,1659.565
2012-08-15,1626.0,1646.065
2012-08-14,1629.75,1622.565
2012-08-13,1667.38,1644.625
2012-08-12,1662.5,1670.935
2012-08-10,1653.88,1672.63
2012-08-09,1597.38,1629.815
2012-08-08,1582.63,1586.315
2012-08-07,1598.5,1593.25
2012-08-06,1604.0,1600.0
2012-08-05,1607.88,1599.815
2012-08-03,1614.25,1627.19
2012-08-02,1631.13,1620.38
2012-08-01,1673.63,1639.065
2012-07-31,1669.63,1667.755
2012-07-30,1661.63,1663.69
2012-07-29,1646.0,1656.875
2012-07-27,1645.75,1669.69
2012-07-26,1676.75,1669.44
2012-07-25,1622.88,1659.815
2012-07-24,1666.88,1647.63
2012-07-23,1739.25,1701.935
2012-07-22,1759.88,1742.19
2012-07-20,1737.88,1753.435
2012-07-19,1683.13,1713.375
2012-07-18,1639.0,1656.755
2012-07-17,1644.63,1632.625
2012-07-16,1617.38,1631.315
2012-07-15,1613.5,1614.065
2012-07-13,1575.75,1585.88
2012-07-12,1578.5,1574.065
2012-07-11,1597.25,1588.375
2012-07-10,1595.0,1596.38
2012-07-09,1591.0,1604.44
2012-07-08,1589.38,1591.13
2012-07-06,1576.5,1572.505
2012-07-05,1545.63,1565.065
2012-07-03,1503.13,1515.255
2012-07-02,1507.75,1501.25
2012-07-01,1480.88,1494.44
2012-06-29,1451.63,1464.13
2012-06-28,1458.75,1452.815
2012-06-27,1457.38,1466.755
2012-06-26,1470.13,1464.69
2012-06-25,1453.88,1465.755
2012-06-24,1442.75,1448.94
2012-06-22,1442.75,1451.505
2012-06-21,1437.75,1443.755
2012-06-20,1435.88,1440.255
2012-06-19,1397.63,1422.38
2012-06-18,1383.5,1386.44
2012-06-17,1383.13,1383.505
2012-06-15,1391.25,1385.94
2012-06-14,1407.38,1398.755
2012-06-13,1434.63,1421.38
2012-06-12,1423.88,1429.875
2012-06-11,1425.63,1432.38
2012-06-10,1423.5,1424.255
2012-06-08,1426.5,1423.505
2012-06-07,1388.0,1408.38
2012-06-06,1356.5,1372.315
2012-06-05,1346.25,1350.69
2012-06-04,1349.5,1342.815
2012-06-03,1350.63,1350.565
2012-06-01,1344.13,1342.44
2012-05-31,1375.25,1358.565
2012-05-30,1390.0,1379.505
2012-05-29,1381.88,1390.69
2012-05-25,1379.38,1379.005
2012-05-24,1374.25,1377.875
2012-05-23,1379.25,1365.315
2012-05-22,1408.63,1396.505
2012-05-21,1413.88,1415.505
2012-05-20,1414.5,1413.815
2012-05-18,1432.75,1421.88
2012-05-17,1422.75,1436.13
2012-05-16,1414.88,1405.44
2012-05-15,1385.25,1398.19
2012-05-14,1394.5,1389.38
2012-05-13,1405.88,1399.44
2012-05-11,1459.0,1430.815
2012-05-10,1432.63,1446.755
2012-05-09,1440.13,1427.94
2012-05-08,1467.63,1453.13
2012-05-07,1475.13,1469.505
2012-05-06,1470.63,1472.815
2012-05-04,1477.25,1469.755
2012-05-03,1482.63,1477.19
2012-05-02,1500.75,1496.38
2012-05-01,1501.0,1498.565
2012-04-30,1492.38,1494.44
2012-04-29,1490.25,1491.88
2012-04-27,1485.63,1493.94
2012-04-26,1472.13,1475.63
2012-04-25,1470.5,1483.005
2012-04-24,1439.13,1455.065
2012-04-23,1454.88,1447.315
2012-04-22,1451.13,1453.565
2012-04-20,1419.63,1433.505
2012-04-19,1411.25,1418.44
2012-04-18,1428.88,1418.94
2012-04-17,1419.13,1426.755
2012-04-16,1434.38,1425.38
2012-04-15,1433.88,1433.69
2012-04-13,1444.13,1439.63
2012-04-12,1422.13,1432.44
2012-04-11,1426.63,1422.63
2012-04-10,1430.25,1436.565
2012-04-09,1441.75,1435.38
2012-04-08,1430.5,1436.19
2012-04-05,1423.38,1424.505
2012-04-04,1418.0,1419.005
2012-04-03,1422.88,1423.94
2012-04-02,1411.25,1421.375
2012-04-01,1406.63,1409.755
2012-03-30,1359.88,1385.13
2012-03-29,1372.25,1363.815
2012-03-28,1371.63,1371.505
2012-03-27,1380.75,1378.065
2012-03-26,1364.75,1376.38
2012-03-25,1365.5,1365.255
2012-03-23,1352.25,1360.255
2012-03-22,1355.25,1349.255
2012-03-21,1346.63,1351.255
2012-03-20,1367.38,1354.815
2012-03-19,1377.0,1369.88
2012-03-18,1374.63,1375.63
2012-03-16,1367.75,1370.505
2012-03-15,1355.63,1362.13
2012-03-14,1352.88,1353.38
2012-03-13,1333.63,1344.005
2012-03-12,1333.75,1336.565
2012-03-11,1337.75,1335.44
2012-03-09,1336.88,1342.88
2012-03-08,1326.88,1331.44
2012-03-07,1333.88,1331.505
2012-03-06,1324.13,1325.88
2012-03-05,1329.75,1329.88
2012-03-02,1321.63,1324.63
2012-03-01,1315.63,1315.005
2012-02-29,1311.13,1316.13
2012-02-28,1300.63,1307.38
2012-02-27,1286.13,1293.88
2012-02-24,1275.88,1278.315
2012-02-23,1271.0,1273.255
2012-02-22,1267.5,1266.88
2012-02-21,1270.88,1268.065
2012-02-17,1257.75,1265.13
2012-02-16,1260.88,1255.315
2012-02-15,1254.88,1259.005
2012-02-14,1251.88,1253.63
2012-02-13,1237.63,1243.005
2012-02-10,1229.5,1223.13
2012-02-09,1229.63,1235.13
2012-02-08,1230.25,1233.88
2012-02-07,1232.63,1233.255
2012-02-06,1230.88,1237.38
2012-02-03,1216.5,1225.315
2012-02-02,1213.38,1215.505
2012-02-01,1202.13,1210.565
2012-01-31,1187.13,1192.755
2012-01-30,1214.13,1201.63
2012-01-27,1221.38,1220.505
2012-01-26,1213.88,1222.13
2012-01-25,1219.38,1217.63
2012-01-24,1214.25,1216.63
2012-01-23,1194.13,1205.44
2012-01-20,1197.88,1193.63
2012-01-19,1184.13,1189.44
2012-01-18,1182.38,1179.755
2012-01-17,1163.63,1175.065
2012-01-13,1182.38,1175.88
2012-01-12,1202.25,1182.005
2012-01-11,1228.63,1216.38
2012-01-10,1230.88,1228.755
2012-01-09,1195.25,1214.69
2012-01-06,1207.5,1206.755
2012-01-05,1229.88,1220.315
2012-01-04,1227.38,1228.13
2012-01-03,1236.5,1234.005
2012-01-02,1211.88,1211.88
2011-12-30,1195.75,1205.13
2011-12-29,1205.75,1202.255
2011-12-28,1205.38,1206.005
2011-12-27,1182.63,1198.63
2011-12-26,1172.38,1172.38
2011-12-25,1172.38,1172.38
2011-12-23,1160.75,1161.815
2011-12-22,1152.25,1156.13
2011-12-21,1144.63,1145.69
2011-12-20,1136.5,1142.88
2011-12-19,1137.38,1140.19
2011-12-16,1112.38,1121.005
2011-12-15,1100.88,1107.38
2011-12-14,1115.63,1107.005
2011-12-13,1111.63,1116.63
2011-12-12,1107.88,1105.005
2011-12-11,1105.63,1105.63
2011-12-09,1131.25,1116.88
2011-12-08,1131.75,1128.88
2011-12-07,1130.25,1130.44
2011-12-06,1125.75,1126.13
2011-12-05,1139.88,1135.13
2011-12-02,1131.63,1136.38
2011-12-01,1133.63,1129.63
2011-11-30,1123.38,1128.565
2011-11-29,1124.13,1126.63
2011-11-28,1114.25,1120.69
2011-11-25,1120.38,1114.13
2011-11-23,1155.75,1139.69
2011-11-22,1147.63,1148.38
2011-11-21,1171.88,1159.63
2011-11-18,1170.25,1165.13
2011-11-17,1186.5,1177.13
2011-11-16,1199.63,1193.005
2011-11-15,1179.38,1192.315
2011-11-14,1178.25,1185.005
2011-11-11,1168.25,1174.625
2011-11-10,1184.0,1179.065
2011-11-09,1205.88,1197.815
2011-11-08,1203.63,1208.505
2011-11-07,1220.63,1210.69
2011-11-04,1226.0,1225.005
2011-11-03,1204.38,1216.13
2011-11-02,1198.5,1208.19
2011-11-01,1214.88,1206.815
2011-10-31,1227.25,1216.315
2011-10-30,1227.5,1226.88
2011-10-28,1245.25,1237.315
2011-10-27,1224.5,1237.94
2011-10-26,1231.25,1230.19
2011-10-25,1238.5,1235.13
2011-10-24,1221.63,1233.88
2011-10-23,1220.13,1219.88
2011-10-21,1223.63,1228.815
2011-10-20,1215.88,1214.69
2011-10-19,1250.63,1236.38
2011-10-18,1247.25,1239.755
2011-10-17,1264.13,1259.19
2011-10-16,1269.13,1267.505
2011-10-14,1259.13,1262.44
2011-10-13,1237.75,1245.13
2011-10-12,1232.88,1229.44
2011-10-11,1181.75,1209.88
2011-10-10,1165.88,1178.255
2011-10-09,1159.5,1162.38
2011-10-07,1159.38,1161.13
2011-10-06,1163.63,1170.505
2011-10-05,1167.25,1167.505
2011-10-04,1170.63,1165.44
2011-10-03,1175.5,1175.88
2011-10-02,1176.38,1177.815
2011-09-30,1230.88,1206.815
2011-09-29,1214.75,1223.63
2011-09-28,1255.75,1236.755
2011-09-27,1262.25,1266.505
2011-09-26,1261.88,1246.005
2011-09-25,1265.38,1264.19
2011-09-23,1282.63,1269.19
2011-09-22,1315.75,1299.005
2011-09-21,1336.13,1329.13
2011-09-20,1343.0,1340.94
2011-09-19,1354.13,1340.94
2011-09-18,1357.38,1354.815
2011-09-16,1360.38,1359.505
2011-09-15,1385.38,1372.255
2011-09-14,1392.38,1387.005
2011-09-13,1400.63,1391.88
2011-09-12,1429.88,1410.255
2011-09-11,1431.75,1430.565
2011-09-09,1416.5,1420.94
2011-09-08,1419.88,1418.38
2011-09-07,1423.63,1423.38
2011-09-06,1429.13,1421.255
2011-09-05,1444.88,1436.38
2011-09-02,1438.75,1443.565
2011-09-01,1454.38,1444.44
2011-08-31,1449.63,1457.255
2011-08-30,1445.0,1448.19
2011-08-29,1420.75,1434.19
2011-08-28,1411.75,1417.0
2011-08-26,1386.13,1397.815
2011-08-25,1383.38,1384.565
2011-08-24,1388.38,1388.875
2011-08-23,1380.25,1384.5
2011-08-22,1366.0,1371.315
2011-08-21,1366.75,1367.75
2011-08-19,1349.13,1352.815
2011-08-18,1357.0,1346.815
2011-08-17,1341.25,1349.315
2011-08-16,1341.88,1339.19
2011-08-15,1336.38,1340.125
2011-08-14,1333.0,1334.315
2011-08-12,1332.75,1328.44
2011-08-11,1293.75,1318.815
2011-08-10,1306.25,1300.0
2011-08-09,1298.38,1295.815
2011-08-08,1318.0,1309.63
2011-08-07,1312.5,1315.19
2011-08-05,1331.63,1325.065
2011-08-04,1361.63,1343.94
2011-08-03,1368.63,1363.19
2011-08-02,1358.0,1358.75
2011-08-01,1352.75,1357.875
2011-07-31,1350.13,1349.75
2011-07-29,1361.5,1356.19
2011-07-28,1367.88,1367.815
2011-07-27,1381.75,1376.19
2011-07-26,1364.88,1372.69
2011-07-25,1371.63,1362.315
2011-07-24,1372.13,1369.065
2011-07-22,1379.75,1381.5
2011-07-21,1373.13,1378.125
2011-07-20,1384.75,1380.94
2011-07-19,1387.13,1391.69
2011-07-18,1380.38,1380.755
2011-07-17,1385.88,1384.19
2011-07-15,1380.0,1386.75
2011-07-14,1376.63,1380.315
2011-07-13,1354.0,1368.0
2011-07-12,1346.38,1348.815
2011-07-11,1351.38,1345.19
2011-07-10,1350.75,1353.69
2011-07-08,1342.38,1343.065
2011-07-07,1322.13,1332.69
2011-07-06,1321.38,1318.69
2011-07-05,1319.38,1320.625
2011-07-04,1314.75,1318.815
2011-07-01,1303.63,1310.44
2011-06-30,1326.63,1311.44
2011-06-29,1332.88,1331.94
2011-06-28,1325.63,1329.44
2011-06-27,1311.0,1316.38
2011-06-26,1313.63,1311.815
2011-06-24,1319.38,1320.25
2011-06-23,1329.13,1313.315
2011-06-22,1351.25,1336.19
2011-06-21,1339.5,1346.69
2011-06-20,1333.5,1338.88
2011-06-19,1334.88,1334.94
2011-06-17,1351.13,1343.88
2011-06-16,1370.88,1359.815
2011-06-15,1368.88,1364.94
2011-06-14,1381.88,1370.315
2011-06-13,1385.25,1384.505
2011-06-12,1385.5,1386.13
2011-06-10,1397.13,1387.505
2011-06-09,1403.63,1399.44
2011-06-08,1397.88,1401.065
2011-06-07,1384.38,1390.44
2011-06-06,1413.5,1399.505
2011-06-05,1415.5,1414.565
2011-06-03,1405.75,1412.005
2011-06-02,1385.25,1398.255
2011-06-01,1384.13,1380.005
2011-05-31,1378.63,1382.44
2011-05-30,1370.63,1372.88
2011-05-27,1390.75,1385.255
2011-05-26,1380.25,1389.13
2011-05-25,1377.0,1379.755
2011-05-24,1373.5,1376.5
2011-05-23,1389.63,1379.505
2011-05-22,1386.0,1386.065
2011-05-20,1378.63,1380.565
2011-05-19,1376.0,1379.13
2011-05-18,1343.13,1364.94
2011-05-17,1323.13,1328.565
2011-05-16,1335.13,1332.505
2011-05-15,1329.5,1333.315
2011-05-13,1344.25,1337.315
2011-05-12,1332.13,1335.815
2011-05-11,1342.0,1328.505
2011-05-10,1333.38,1343.005
2011-05-09,1330.13,1335.0
2011-05-08,1326.88,1327.5
2011-05-06,1323.75,1323.69
2011-05-05,1349.13,1335.69
2011-05-04,1363.38,1357.44
2011-05-03,1392.0,1374.565
2011-05-02,1388.13,1391.88
2011-05-01,1391.0,1388.755
2011-04-29,1348.75,1371.815
2011-04-28,1389.75,1369.505
2011-04-27,1389.63,1382.565
2011-04-26,1396.75,1387.44
2011-04-25,1396.63,1389.69
2011-04-24,1390.25,1393.315
2011-04-22,1390.13,1390.13
2011-04-21,1372.25,1377.505
2011-04-20,1354.75,1369.565
2011-04-19,1357.5,1354.255
2011-04-18,1338.88,1346.815
2011-04-17,1343.13,1341.5
2011-04-15,1334.0,1330.505
2011-04-14,1333.13,1327.255
2011-04-13,1330.63,1339.13
2011-04-12,1362.88,1344.315
2011-04-11,1405.5,1383.13
2011-04-10,1395.88,1401.13
2011-04-08,1365.38,1379.38
2011-04-07,1377.13,1371.94
2011-04-06,1375.63,1380.255
2011-04-05,1385.5,1378.13
2011-04-04,1399.38,1391.065
2011-04-03,1393.75,1397.19
2011-04-01,1416.5,1401.69
2011-03-31,1374.13,1400.19
2011-03-30,1363.88,1365.19
2011-03-29,1343.0,1355.63
2011-03-28,1359.25,1355.065
2011-03-27,1359.88,1359.375
2011-03-25,1358.75,1360.44
2011-03-24,1350.25,1349.88
2011-03-23,1363.5,1360.505
2011-03-22,1359.13,1356.69
2011-03-21,1371.38,1362.565
2011-03-20,1370.0,1370.94
2011-03-18,1338.38,1353.69
2011-03-17,1293.38,1318.505
2011-03-16,1282.13,1292.565
2011-03-15,1340.88,1306.19
2011-03-14,1329.38,1331.94
2011-03-13,1335.88,1333.38
2011-03-11,1353.38,1332.19
2011-03-10,1350.63,1345.38
2011-03-09,1381.88,1365.505
2011-03-08,1395.5,1384.815
2011-03-07,1412.25,1401.755
2011-03-04,1410.38,1410.005
2011-03-03,1390.5,1399.44
2011-03-02,1374.13,1385.505
2011-03-01,1368.25,1365.065
2011-02-28,1378.25,1369.065
2011-02-25,1328.88,1356.94
2011-02-24,1332.63,1323.5
2011-02-23,1309.88,1314.69
2011-02-22,1390.75,1354.0
2011-02-18,1417.88,1397.44
2011-02-17,1378.75,1398.75
2011-02-16,1369.25,1366.505
2011-02-15,1403.63,1387.63
2011-02-14,1419.13,1412.44
2011-02-11,1432.38,1426.255
2011-02-10,1451.5,1442.63
2011-02-09,1438.5,1445.44
2011-02-08,1425.88,1424.815
2011-02-07,1437.38,1432.505
2011-02-04,1437.63,1432.505
2011-02-03,1445.13,1443.255
2011-02-02,1439.63,1442.63
2011-02-01,1413.5,1424.315
2011-01-31,1395.75,1404.005
2011-01-28,1401.75,1407.94
2011-01-27,1389.63,1389.005
2011-01-26,1375.63,1377.63
2011-01-25,1404.0,1389.13
2011-01-24,1411.5,1411.63
2011-01-23,1412.63,1412.63
2011-01-21,1415.88,1416.005
2011-01-20,1413.75,1402.44
2011-01-19,1417.38,1417.005
2011-01-18,1412.5,1419.19
2011-01-17,1423.0,1423.0
2011-01-14,1418.75,1414.63
2011-01-13,1418.75,1422.69
2011-01-12,1359.63,1393.005
2011-01-11,1382.13,1372.005
2011-01-10,1368.63,1380.315
2011-01-07,1376.88,1371.315
2011-01-06,1392.38,1387.505
2011-01-05,1372.63,1378.505
2011-01-04,1378.63,1374.065
2011-01-03,1395.75,1394.505
2010-12-31,1377.38,1390.13
2010-12-30,1375.38,1377.38
2010-12-29,1386.13,1381.88
2010-12-28,1385.13,1390.005
2010-12-27,1353.63,1369.815
2010-12-24,1361.5,1361.5
2010-12-23,1340.63,1352.255
2010-12-22,1336.38,1336.19
2010-12-21,1326.75,1331.19
2010-12-20,1324.5,1318.565
2010-12-17,1300.75,1303.315
2010-12-16,1305.5,1305.44
2010-12-15,1294.13,1302.755
2010-12-14,1299.5,1301.88
2010-12-13,1269.25,1282.13
2010-12-12,1272.38,1272.38
2010-12-10,1283.38,1278.505
2010-12-09,1295.75,1288.755
2010-12-08,1282.88,1281.63
2010-12-07,1288.75,1292.755
2010-12-06,1303.63,1293.505
2010-12-03,1282.75,1290.815
2010-12-02,1281.88,1280.315
2010-12-01,1243.38,1262.13
2010-11-30,1238.75,1237.505
2010-11-29,1239.88,1237.44
2010-11-26,1256.63,1249.005
2010-11-24,1241.38,1247.63
2010-11-23,1225.38,1223.815
2010-11-22,1196.63,1206.755
2010-11-19,1244.63,1228.38
2010-11-18,1209.88,1219.69
2010-11-17,1221.5,1203.815
2010-11-16,1285.25,1253.005
2010-11-15,1266.75,1279.815
2010-11-12,1342.88,1308.44
2010-11-11,1320.5,1329.88
2010-11-10,1325.88,1322.63
2010-11-09,1274.88,1305.19
2010-11-08,1284.5,1281.815
2010-11-05,1278.25,1280.815
2010-11-04,1238.88,1260.005
2010-11-03,1234.38,1232.815
2010-11-02,1240.63,1236.255
2010-11-01,1241.75,1237.38
2010-10-31,1240.38,1237.88
2010-10-29,1236.38,1231.44
2010-10-28,1234.13,1239.19
2010-10-27,1238.75,1225.005
2010-10-26,1230.63,1230.375
2010-10-25,1217.63,1226.255
2010-10-24,1214.25,1214.94
2010-10-22,1217.63,1217.505
2010-10-21,1230.0,1224.13
2010-10-20,1187.88,1207.755
2010-10-19,1196.25,1191.315
2010-10-18,1193.5,1192.13
2010-10-17,1193.0,1192.19
2010-10-15,1207.75,1204.505
2010-10-14,1180.63,1195.13
2010-10-13,1176.88,1183.065
2010-10-12,1164.75,1170.38
2010-10-11,1172.63,1169.88
2010-10-10,1155.25,1169.75
2010-10-08,1063.13,1099.25
2010-10-07,1062.25,1068.005
2010-10-06,1072.88,1068.13
2010-10-05,1052.25,1063.755
2010-10-04,1050.75,1051.505
2010-10-03,1054.63,1051.065
2010-10-01,1102.63,1080.13
2010-09-30,1097.38,1095.88
2010-09-29,1107.38,1098.005
2010-09-28,1126.0,1120.69
2010-09-27,1142.5,1132.755
2010-09-26,1126.5,1134.94
2010-09-24,1090.63,1108.755
2010-09-23,1089.75,1089.005
2010-09-22,1084.75,1087.255
2010-09-21,1083.63,1086.625
2010-09-20,1081.63,1090.44
2010-09-19,1069.13,1075.255
2010-09-17,1039.75,1055.69
2010-09-16,1044.63,1039.755
2010-09-15,1035.63,1040.13
2010-09-14,1032.25,1033.63
2010-09-13,1027.63,1033.69
2010-09-12,1032.63,1027.755
2010-09-10,1043.63,1039.005
2010-09-09,1052.13,1043.38
2010-09-08,1051.38,1050.88
2010-09-07,1034.63,1041.13
2010-09-06,1035.75,1035.38
2010-09-05,1035.75,1035.75
2010-09-03,1011.5,1025.005
2010-09-02,1004.75,1006.755
2010-09-01,1009.88,1010.755
2010-08-31,1014.63,1017.0050000000001
2010-08-30,1030.5,1022.3800000000001
2010-08-29,1027.38,1030.63
2010-08-27,1015.25,1021.7550000000001
2010-08-26,1002.5,1008.94
2010-08-25,1000.5,999.63
2010-08-24,1004.75,1000.94
2010-08-23,1007.38,1004.63
2010-08-22,1003.5,1005.69
2010-08-20,1011.25,1007.69
2010-08-19,1036.88,1023.44
2010-08-18,1046.0,1037.69
2010-08-17,1034.38,1039.94
2010-08-16,1041.5,1040.19
2010-08-15,1043.63,1042.13
2010-08-13,1030.13,1036.19
2010-08-12,1017.63,1024.315
2010-08-11,1023.38,1020.5050000000001
2010-08-10,1032.75,1026.315
2010-08-09,1040.63,1040.505
2010-08-08,1039.75,1037.315
2010-08-06,1031.5,1033.255
2010-08-05,1030.63,1035.38
2010-08-04,1021.88,1026.125
2010-08-03,1015.5,1014.755
2010-08-02,1015.5,1025.815
2010-08-01,1013.25,1013.065
2010-07-30,994.88,1004.065
2010-07-27,974.63,975.69
2010-07-26,988.63,980.505
2010-07-25,993.25,993.25
2010-07-23,989.63,991.625
2010-07-22,989.25,993.19
2010-07-21,988.88,989.815
2010-07-20,984.0,983.88
2010-07-19,995.13,990.315
2010-07-18,999.0,992.065
2010-07-16,1019.13,1007.375
2010-07-15,994.38,1007.755
2010-07-14,997.13,998.755
2010-07-13,998.75,998.065
2010-07-12,994.38,997.38
2010-07-11,994.75,991.565
2010-07-09,982.38,988.005
2010-07-08,969.5,977.69
2010-07-07,942.75,957.065
2010-07-06,942.25,949.255
2010-07-05,945.63,942.13
2010-07-04,945.63,945.63
2010-07-02,935.38,941.63
2010-07-01,934.75,932.315
2010-06-30,933.75,938.875
2010-06-29,931.13,936.815
2010-06-28,941.0,942.005
2010-06-25,945.5,943.565
2010-06-24,949.75,945.19
2010-06-23,952.75,949.505
2010-06-22,955.63,958.755
2010-06-21,961.63,960.065
2010-06-18,947.25,950.19
2010-06-17,957.75,954.565
2010-06-16,952.63,956.815
2010-06-15,950.5,954.505
2010-06-14,948.13,952.505
2010-06-13,945.13,947.255
2010-06-11,934.63,938.755
2010-06-10,945.5,941.255
2010-06-09,928.63,939.25
2010-06-08,932.5,931.88
2010-06-07,932.5,933.63
2010-06-06,933.38,933.065
2010-06-04,956.38,944.005
2010-06-03,935.63,946.94
2010-06-02,932.0,933.755
2010-06-01,940.75,937.13
2010-05-31,942.63,941.19
2010-05-28,953.63,945.255
2010-05-27,943.75,948.005
2010-05-26,936.25,938.505
2010-05-25,940.63,934.255
2010-05-24,942.5,944.815
2010-05-23,941.5,942.565
2010-05-21,943.88,944.815
2010-05-20,944.38,939.38
2010-05-19,936.75,942.005
2010-05-18,945.25,943.005
2010-05-17,954.5,946.38
2010-05-16,954.38,953.815
2010-05-14,965.25,958.38
2010-05-13,964.38,964.63
2010-05-12,966.38,967.63
2010-05-11,961.75,961.315
2010-05-10,961.13,964.505
2010-05-09,965.38,962.625
2010-05-07,952.38,956.505
2010-05-06,978.5,965.44
2010-05-05,987.5,984.44
2010-05-04,985.75,982.255
2010-05-03,994.13,992.005
2010-04-30,997.88,997.255
2010-04-29,994.25,999.88
2010-04-28,991.13,995.005
2010-04-27,1007.5,1000.005
2010-04-26,1014.88,1013.13
2010-04-25,1005.13,1010.13
2010-04-23,1013.0,1011.94
2010-04-22,1006.0,1008.815
2010-04-21,996.75,1004.38
2010-04-20,991.75,992.94
2010-04-19,994.38,988.38
2010-04-18,991.75,992.94
2010-04-16,984.88,984.38
2010-04-15,969.38,974.815
2010-04-14,974.38,970.38
2010-04-13,956.0,963.565
2010-04-12,953.13,959.005
2010-04-09,954.13,955.565
2010-04-08,948.13,948.565
2010-04-07,943.88,948.255
2010-04-06,936.38,939.13
2010-04-05,943.88,938.63
2010-04-01,940.38,938.88
2010-03-31,973.63,952.255
2010-03-30,969.13,967.255
2010-03-29,953.63,965.505
2010-03-26,942.13,948.255
2010-03-25,958.63,954.255
2010-03-24,959.5,957.88
2010-03-23,970.88,970.63
2010-03-22,961.25,965.755
2010-03-19,960.13,956.815
2010-03-18,950.25,955.63
2010-03-17,945.63,952.13
2010-03-16,937.25,941.755
2010-03-15,924.88,927.565
2010-03-12,936.38,930.13
2010-03-11,951.5,940.315
2010-03-10,947.63,953.005
2010-03-09,949.88,942.63
2010-03-08,943.88,947.63
2010-03-05,943.63,943.63
2010-03-04,961.63,950.255
2010-03-03,963.25,966.815
2010-03-02,962.38,963.38
2010-03-01,966.63,960.755
2010-02-26,946.88,955.38
2010-02-25,962.38,952.505
2010-02-24,959.88,960.755
2010-02-23,968.38,972.005
2010-02-22,954.5,961.755
2010-02-19,941.38,942.755
2010-02-18,956.25,950.005
2010-02-17,958.88,954.63
2010-02-16,958.38,962.005
2010-02-12,931.63,936.255
2010-02-11,945.63,941.505
2010-02-10,924.75,929.625
2010-02-09,929.25,931.315
2010-02-08,927.0,932.755
2010-02-05,914.88,915.13
2010-02-04,903.88,906.065
2010-02-03,924.38,916.255
2010-02-02,917.88,923.38
2010-02-01,915.63,917.005
2010-01-31,915.5,915.5
2010-01-29,933.13,924.505
2010-01-28,931.13,928.505
2010-01-27,948.38,938.565
2010-01-26,941.25,940.88
2010-01-25,950.25,944.38
2010-01-22,953.0,951.44
2010-01-21,946.88,953.13
2010-01-20,964.25,952.565
2010-01-19,973.38,968.69
2010-01-18,973.38,973.38
2010-01-15,981.88,978.88
2010-01-14,993.13,984.38
2010-01-13,977.88,982.69
2010-01-12,1009.63,989.505
2010-01-11,1019.13,1015.2550000000001
2010-01-08,1025.75,1019.565
2010-01-07,1057.75,1041.19
2010-01-06,1059.88,1056.38
2010-01-05,1057.88,1057.505
2010-01-04,1048.63,1061.63
2010-01-01,1048.63,1048.63
